filename,color_code,rgb,hex,source_html
5D1046.png,5D1046,"75,159,181",#4b9fb5,blue.html
5P2223.png,5P2223,"219,237,236",#dbedec,blue.html
5T2224.png,5T2224,"178,225,229",#b2e1e5,blue.html
5P0136.png,5P0136,"146,214,223",#92d6df,blue.html
5D2226.png,5D2226,"99,180,198",#63b4c6,blue.html
5A2227.png,5A2227,"67,160,178",#43a0b2,blue.html
5P1033.png,5P1033,"204,227,227",#cce3e3,blue.html
5T1035.png,5T1035,"166,219,227",#a6dbe3,blue.html
5T1037.png,5T1037,"104,191,207",#68bfcf,blue.html
5D1039.png,5D1039,"0,154,173",#009aad,blue.html
5A1040.png,5A1040,"0,111,130",#006f82,blue.html
5P1041.png,5P1041,"201,227,228",#c9e3e4,blue.html
5T1043.png,5T1043,"163,212,224",#a3d4e0,blue.html
5T1045.png,5T1045,"106,180,201",#6ab4c9,blue.html
5D1047.png,5D1047,"43,138,162",#2b8aa2,blue.html
5A1048.png,5A1048,"28,105,123",#1c697b,blue.html
5P2892.png,5P2892,"207,231,230",#cfe7e6,blue.html
5P0281.png,5P0281,"167,218,231",#a7dae7,blue.html
5T2229.png,5T2229,"113,188,208",#71bcd0,blue.html
5D2896.png,5D2896,"0,138,164",#008aa4,blue.html
5A2897.png,5A2897,"35,76,95",#234c5f,blue.html
5P2240.png,5P2240,"205,226,226",#cde2e2,blue.html
5P0139.png,5P0139,"185,224,233",#b9e0e9,blue.html
5P0144.png,5P0144,"152,203,217",#98cbd9,blue.html
5D2243.png,5D2243,"79,150,173",#4f96ad,blue.html
5A2244.png,5A2244,"41,91,107",#295b6b,blue.html
5P2228.png,5P2228,"218,229,230",#dae5e6,blue.html
5T1051.png,5T1051,"174,211,219",#aed3db,blue.html
5T1053.png,5T1053,"122,176,194",#7ab0c2,blue.html
5D2232.png,5D2232,"50,124,145",#327c91,blue.html
5A1056.png,5A1056,"31,89,107",#1f596b,blue.html
5P2233.png,5P2233,"208,227,231",#d0e3e7,blue.html
5T1059.png,5T1059,"175,210,222",#afd2de,blue.html
5T1061.png,5T1061,"125,177,198",#7db1c6,blue.html
5D1063.png,5D1063,"75,134,156",#4b869c,blue.html
5A1064.png,5A1064,"52,94,115",#345e73,blue.html
5P2230.png,5P2230,"206,228,234",#cee4ea,blue.html
5T2235.png,5T2235,"143,189,210",#8fbdd2,blue.html
5D2237.png,5D2237,"83,136,161",#5388a1,blue.html
5D2898.png,5D2898,"66,103,125",#42677d,blue.html
5A0296.png,5A0296,"55,82,105",#375269,blue.html
5P2234.png,5P2234,"208,226,228",#d0e2e4,blue.html
5T1067.png,5T1067,"171,212,225",#abd4e1,blue.html
5T1069.png,5T1069,"110,178,203",#6eb2cb,blue.html
5D1071.png,5D1071,"51,137,165",#3389a5,blue.html
5A1072.png,5A1072,"13,98,124",#0d627c,blue.html
5P2245.png,5P2245,"205,227,233",#cde3e9,blue.html
5T2247.png,5T2247,"179,223,236",#b3dfec,blue.html
5T0282.png,5T0282,"112,196,217",#70c4d9,blue.html
5D0283.png,5D0283,"0,152,183",#0098b7,blue.html
5A0284.png,5A0284,"0,114,142",#00728e,blue.html
5P0123.png,5P0123,"209,234,239",#d1eaef,blue.html
5P0142.png,5P0142,"175,221,237",#afdded,blue.html
5T1077.png,5T1077,"105,186,216",#69bad8,blue.html
5D1087.png,5D1087,"23,145,182",#1791b6,blue.html
5A1088.png,5A1088,"0,108,147",#006c93,blue.html
5P1105.png,5P1105,"205,228,231",#cde4e7,blue.html
5T1075.png,5T1075,"167,214,229",#a7d6e5,blue.html
5T1085.png,5T1085,"110,184,215",#6eb8d7,blue.html
5D2249.png,5D2249,"35,153,194",#2399c2,blue.html
5A1080.png,5A1080,"0,125,163",#007da3,blue.html
5P1121.png,5P1121,"208,228,233",#d0e4e9,blue.html
5T1083.png,5T1083,"165,211,228",#a5d3e4,blue.html
5T1093.png,5T1093,"114,178,207",#72b2cf,blue.html
5D1095.png,5D1095,"58,141,179",#3a8db3,blue.html
5A1096.png,5A1096,"34,102,134",#226686,blue.html
5P2254.png,5P2254,"218,233,234",#dae9ea,blue.html
5T1091.png,5T1091,"173,212,227",#add4e3,blue.html
5T2251.png,5T2251,"130,192,223",#82c0df,blue.html
5D2253.png,5D2253,"68,154,195",#449ac3,blue.html
5A2900.png,5A2900,"0,132,176",#0084b0,blue.html
5P2250.png,5P2250,"218,235,238",#daebee,blue.html
5T1099.png,5T1099,"171,213,233",#abd5e9,blue.html
5T1101.png,5T1101,"114,178,213",#72b2d5,blue.html
5D1103.png,5D1103,"50,141,186",#328dba,blue.html
5A2256.png,5A2256,"32,124,167",#207ca7,blue.html
5P2263.png,5P2263,"213,228,232",#d5e4e8,blue.html
5T1107.png,5T1107,"176,209,225",#b0d1e1,blue.html
5T1109.png,5T1109,"125,174,202",#7daeca,blue.html
5D2258.png,5D2258,"60,120,154",#3c789a,blue.html
5A1112.png,5A1112,"46,88,114",#2e5872,blue.html
5P2262.png,5P2262,"204,223,232",#ccdfe8,blue.html
5T1115.png,5T1115,"178,207,223",#b2cfdf,blue.html
5T1116.png,5T1116,"151,190,214",#97bed6,blue.html
5T2260.png,5T2260,"95,143,173",#5f8fad,blue.html
5D1119.png,5D1119,"78,126,157",#4e7e9d,blue.html
5P2261.png,5P2261,"219,230,230",#dbe6e6,blue.html
5T2902.png,5T2902,"171,216,233",#abd8e9,blue.html
5D2906.png,5D2906,"0,135,200",#0087c8,blue.html
5A0417.png,5A0417,"0,118,184",#0076b8,blue.html
5P2269.png,5P2269,"207,225,234",#cfe1ea,blue.html
5P0290.png,5P0290,"168,213,234",#a8d5ea,blue.html
5T1124.png,5T1124,"145,193,222",#91c1de,blue.html
5T0294.png,5T0294,"95,153,190",#5f99be,blue.html
5D0295.png,5D0295,"56,112,154",#38709a,blue.html
5P1130.png,5P1130,"196,222,237",#c4deed,blue.html
5T1132.png,5T1132,"142,192,228",#8ec0e4,blue.html
5D1134.png,5D1134,"86,154,207",#569acf,blue.html
5D2270.png,5D2270,"52,126,178",#347eb2,blue.html
5A1168.png,5A1168,"42,92,137",#2a5c89,blue.html
5P2257.png,5P2257,"210,228,236",#d2e4ec,blue.html
5T1163.png,5T1163,"177,208,228",#b1d0e4,blue.html
5T2266.png,5T2266,"143,184,214",#8fb8d6,blue.html
5D2268.png,5D2268,"83,138,191",#538abf,blue.html
5A0418.png,5A0418,"23,96,161",#1760a1,blue.html
5P0138.png,5P0138,"215,230,238",#d7e6ee,blue.html
5P1138.png,5P1138,"195,216,232",#c3d8e8,blue.html
5T1140.png,5T1140,"150,191,223",#96bfdf,blue.html
5D1143.png,5D1143,"76,130,175",#4c82af,blue.html
5A1144.png,5A1144,"45,86,133",#2d5685,blue.html
5P1137.png,5P1137,"209,224,231",#d1e0e7,blue.html
5T1155.png,5T1155,"182,206,222",#b6cede,blue.html
5T1157.png,5T1157,"135,173,202",#87adca,blue.html
5D2272.png,5D2272,"70,106,141",#466a8d,blue.html
5A1160.png,5A1160,"51,84,117",#335475,blue.html
5P1145.png,5P1145,"213,226,231",#d5e2e7,blue.html
5T1147.png,5T1147,"184,207,226",#b8cfe2,blue.html
5T1149.png,5T1149,"134,170,202",#86aaca,blue.html
5D1151.png,5D1151,"91,125,162",#5b7da2,blue.html
5A1152.png,5A1152,"64,91,123",#405b7b,blue.html
5P1169.png,5P1169,"212,224,233",#d4e0e9,blue.html
5P0140.png,5P0140,"197,216,231",#c5d8e7,blue.html
5T2276.png,5T2276,"145,186,223",#91badf,blue.html
5D1166.png,5D1166,"107,152,194",#6b98c2,blue.html
5A0292.png,5A0292,"46,80,138",#2e508a,blue.html
5P1113.png,5P1113,"214,228,233",#d6e4e9,blue.html
5T2274.png,5T2274,"191,213,231",#bfd5e7,blue.html
5T1172.png,5T1172,"154,185,217",#9ab9d9,blue.html
5D1167.png,5D1167,"73,132,180",#4984b4,blue.html
5A1176.png,5A1176,"59,98,147",#3b6293,blue.html
6P1193.png,6P1193,"216,226,231",#d8e2e7,blue.html
5T1187.png,5T1187,"183,204,227",#b7cce3,blue.html
5T1173.png,5T1173,"133,169,209",#85a9d1,blue.html
5D2287.png,5D2287,"61,98,139",#3d628b,blue.html
5A2803.png,5A2803,"49,59,98",#313b62,blue.html
5P2278.png,5P2278,"214,226,234",#d6e2ea,blue.html
5P0152.png,5P0152,"189,212,235",#bdd4eb,blue.html
5T2280.png,5T2280,"162,186,218",#a2bada,blue.html
5D2282.png,5D2282,"128,150,179",#8096b3,blue.html
5A2283.png,5A2283,"88,105,138",#58698a,blue.html
6P1217.png,6P1217,"215,225,234",#d7e1ea,blue.html
5T1179.png,5T1179,"182,205,231",#b6cde7,blue.html
5T1181.png,5T1181,"135,170,214",#87aad6,blue.html
5D0291.png,5D0291,"109,147,200",#6d93c8,blue.html
5A0419.png,5A0419,"41,75,124",#294b7c,blue.html
5P0149.png,5P0149,"212,222,237",#d4deed,blue.html
5T2907.png,5T2907,"186,201,228",#bac9e4,blue.html
5D2284.png,5D2284,"120,149,193",#7895c1,blue.html
5A1184.png,5A1184,"56,96,157",#38609d,blue.html
5A0420.png,5A0420,"54,82,144",#365290,blue.html
3T0246.png,3T0246,"201,186,161",#c9baa1,classic_neutrals.html
8P1689.png,8P1689,"225,224,220",#e1e0dc,classic_neutrals.html
8T1691.png,8T1691,"204,205,201",#cccdc9,classic_neutrals.html
8T1693.png,8T1693,"159,165,163",#9fa5a3,classic_neutrals.html
8A0426.png,8A0426,"128,137,141",#80898d,classic_neutrals.html
8A2682.png,8A2682,"87,92,94",#575c5e,classic_neutrals.html
8P2679.png,8P2679,"228,227,222",#e4e3de,classic_neutrals.html
8P0204.png,8P0204,"206,205,198",#cecdc6,classic_neutrals.html
8T2685.png,8T2685,"184,184,180",#b8b8b4,classic_neutrals.html
8A0427.png,8A0427,"133,135,132",#858784,classic_neutrals.html
8A0348.png,8A0348,"72,74,82",#484a52,classic_neutrals.html
8P1959.png,8P1959,"222,222,219",#dededb,classic_neutrals.html
8P0216.png,8P0216,"197,199,192",#c5c7c0,classic_neutrals.html
8T2684.png,8T2684,"159,161,161",#9fa1a1,classic_neutrals.html
8D1695.png,8D1695,"112,115,112",#707370,classic_neutrals.html
8A1696.png,8A1696,"59,60,59",#3b3c3b,classic_neutrals.html
8P2687.png,8P2687,"224,223,218",#e0dfda,classic_neutrals.html
8T2689.png,8T2689,"201,202,199",#c9cac7,classic_neutrals.html
8T2691.png,8T2691,"158,162,160",#9ea2a0,classic_neutrals.html
8D0347.png,8D0347,"123,121,117",#7b7975,classic_neutrals.html
8A2693.png,8A2693,"62,63,61",#3e3f3d,classic_neutrals.html
8P0196.png,8P0196,"223,223,220",#dfdfdc,classic_neutrals.html
8P0205.png,8P0205,"207,208,207",#cfd0cf,classic_neutrals.html
8T0346.png,8T0346,"159,162,162",#9fa2a2,classic_neutrals.html
8D2696.png,8D2696,"107,109,108",#6b6d6c,classic_neutrals.html
8A2697.png,8A2697,"92,94,92",#5c5e5c,classic_neutrals.html
8P2698.png,8P2698,"219,221,219",#dbdddb,classic_neutrals.html
8T2699.png,8T2699,"203,203,204",#cbcbcc,classic_neutrals.html
8T2701.png,8T2701,"172,174,178",#acaeb2,classic_neutrals.html
8D2703.png,8D2703,"103,107,111",#676b6f,classic_neutrals.html
8T2704.png,8T2704,"76,77,80",#4c4d50,classic_neutrals.html
3P0081.png,3P0081,"235,238,238",#ebeeee,classic_neutrals.html
8T3009.png,8T3009,"207,207,207",#cfcfcf,classic_neutrals.html
8T3011.png,8T3011,"158,163,170",#9ea3aa,classic_neutrals.html
8A3014.png,8A3014,"89,93,102",#595d66,classic_neutrals.html
8P1958.png,8P1958,"228,225,222",#e4e1de,classic_neutrals.html
8T2707.png,8T2707,"184,180,181",#b8b4b5,classic_neutrals.html
8T2709.png,8T2709,"131,130,136",#838288,classic_neutrals.html
8D2711.png,8D2711,"91,87,90",#5b575a,classic_neutrals.html
8A2712.png,8A2712,"66,59,59",#423b3b,classic_neutrals.html
8P1721.png,8P1721,"223,218,213",#dfdad5,classic_neutrals.html
8T1723.png,8T1723,"196,190,186",#c4beba,classic_neutrals.html
8T1725.png,8T1725,"157,152,151",#9d9897,classic_neutrals.html
8D1727.png,8D1727,"111,102,98",#6f6662,classic_neutrals.html
8A1728.png,8A1728,"77,65,60",#4d413c,classic_neutrals.html
8P2713.png,8P2713,"223,220,216",#dfdcd8,classic_neutrals.html
8T2715.png,8T2715,"198,191,187",#c6bfbb,classic_neutrals.html
8T2717.png,8T2717,"158,151,149",#9e9795,classic_neutrals.html
8D2719.png,8D2719,"114,103,98",#726762,classic_neutrals.html
8A2720.png,8A2720,"75,61,54",#4b3d36,classic_neutrals.html
8P1697.png,8P1697,"226,225,218",#e2e1da,classic_neutrals.html
8T1699.png,8T1699,"204,203,197",#cccbc5,classic_neutrals.html
8T1701.png,8T1701,"168,166,162",#a8a6a2,classic_neutrals.html
8D1703.png,8D1703,"123,119,113",#7b7771,classic_neutrals.html
8A1704.png,8A1704,"64,62,60",#403e3c,classic_neutrals.html
8P2767.png,8P2767,"227,225,220",#e3e1dc,classic_neutrals.html
8P0203.png,8P0203,"214,212,205",#d6d4cd,classic_neutrals.html
8T2770.png,8T2770,"175,172,165",#afaca5,classic_neutrals.html
8D2772.png,8D2772,"133,125,115",#857d73,classic_neutrals.html
8A0430.png,8A0430,"106,103,95",#6a675f,classic_neutrals.html
7P1956.png,7P1956,"233,228,220",#e9e4dc,classic_neutrals.html
8T2724.png,8T2724,"195,186,178",#c3bab2,classic_neutrals.html
8T3015.png,8T3015,"173,163,153",#ada399,classic_neutrals.html
8D2727.png,8D2727,"136,121,110",#88796e,classic_neutrals.html
8A2728.png,8A2728,"85,71,60",#55473c,classic_neutrals.html
8P2729.png,8P2729,"228,220,211",#e4dcd3,classic_neutrals.html
8T1715.png,8T1715,"218,208,199",#dad0c7,classic_neutrals.html
8T1717.png,8T1717,"185,174,165",#b9aea5,classic_neutrals.html
8D1719.png,8D1719,"140,123,110",#8c7b6e,classic_neutrals.html
8A1720.png,8A1720,"78,63,51",#4e3f33,classic_neutrals.html
8P0193.png,8P0193,"234,229,219",#eae5db,classic_neutrals.html
8T1707.png,8T1707,"213,205,194",#d5cdc2,classic_neutrals.html
8T1709.png,8T1709,"182,173,162",#b6ada2,classic_neutrals.html
8D2759.png,8D2759,"133,122,109",#857a6d,classic_neutrals.html
7A2813.png,7A2813,"108,96,85",#6c6055,classic_neutrals.html
8P2760.png,8P2760,"241,236,225",#f1ece1,classic_neutrals.html
8T2761.png,8T2761,"223,216,203",#dfd8cb,classic_neutrals.html
8T2763.png,8T2763,"176,168,157",#b0a89d,classic_neutrals.html
8D2765.png,8D2765,"130,121,111",#82796f,classic_neutrals.html
8A2766.png,8A2766,"111,103,92",#6f675c,classic_neutrals.html
7P0187.png,7P0187,"224,218,206",#e0dace,classic_neutrals.html
7P0190.png,7P0190,"214,204,190",#d6ccbe,classic_neutrals.html
7P0192.png,7P0192,"199,189,172",#c7bdac,classic_neutrals.html
8D2733.png,8D2733,"148,129,111",#94816f,classic_neutrals.html
8A2734.png,8A2734,"87,73,61",#57493d,classic_neutrals.html
8P2722.png,8P2722,"229,220,208",#e5dcd0,classic_neutrals.html
7P0341.png,7P0341,"211,200,185",#d3c8b9,classic_neutrals.html
8T2731.png,8T2731,"193,179,165",#c1b3a5,classic_neutrals.html
8D1711.png,8D1711,"140,126,111",#8c7e6f,classic_neutrals.html
8A2757.png,8A2757,"97,83,64",#615340,classic_neutrals.html
7P1945.png,7P1945,"229,223,210",#e5dfd2,classic_neutrals.html
8T2738.png,8T2738,"210,198,180",#d2c6b4,classic_neutrals.html
8T2739.png,8T2739,"197,179,154",#c5b39a,classic_neutrals.html
8D2740.png,8D2740,"167,150,127",#a7967f,classic_neutrals.html
8A2756.png,8A2756,"122,105,85",#7a6955,classic_neutrals.html
8P2749.png,8P2749,"238,231,214",#eee7d6,classic_neutrals.html
3P0245.png,3P0245,"222,211,190",#ded3be,classic_neutrals.html
8T2753.png,8T2753,"185,174,154",#b9ae9a,classic_neutrals.html
8D2741.png,8D2741,"137,122,102",#897a66,classic_neutrals.html
8A2742.png,8A2742,"98,83,65",#625341,classic_neutrals.html
7P1943.png,7P1943,"233,228,214",#e9e4d6,classic_neutrals.html
8P2744.png,8P2744,"225,215,193",#e1d7c1,classic_neutrals.html
8T2745.png,8T2745,"184,167,138",#b8a78a,classic_neutrals.html
8D2755.png,8D2755,"148,128,100",#948064,classic_neutrals.html
8A2748.png,8A2748,"104,87,60",#68573c,classic_neutrals.html
8P2777.png,8P2777,"235,232,221",#ebe8dd,classic_neutrals.html
8T3016.png,8T3016,"195,192,176",#c3c0b0,classic_neutrals.html
8T3018.png,8T3018,"151,152,138",#97988a,classic_neutrals.html
8D3020.png,8D3020,"109,109,94",#6d6d5e,classic_neutrals.html
8A2776.png,8A2776,"90,88,73",#5a5849,classic_neutrals.html
8P0198.png,8P0198,"228,225,215",#e4e1d7,classic_neutrals.html
8T2773.png,8T2773,"170,170,157",#aaaa9d,classic_neutrals.html
8D2775.png,8D2775,"138,139,125",#8a8b7d,classic_neutrals.html
8A0429.png,8A0429,"123,126,116",#7b7e74,classic_neutrals.html
4A2804.png,4A2804,"76,85,75",#4c554b,classic_neutrals.html
8P0210.png,8P0210,"228,226,219",#e4e2db,classic_neutrals.html
8T2779.png,8T2779,"183,185,175",#b7b9af,classic_neutrals.html
8T3021.png,8T3021,"152,161,162",#98a1a2,classic_neutrals.html
8D3022.png,8D3022,"106,114,113",#6a7271,classic_neutrals.html
8A2782.png,8A2782,"96,99,93",#60635d,classic_neutrals.html
8P1690.png,8P1690,"210,214,211",#d2d6d3,classic_neutrals.html
8P0215.png,8P0215,"195,204,200",#c3ccc8,classic_neutrals.html
8T2786.png,8T2786,"155,165,161",#9ba5a1,classic_neutrals.html
8D2788.png,8D2788,"112,125,120",#707d78,classic_neutrals.html
8A1840.png,8A1840,"54,65,66",#364142,classic_neutrals.html
5A0424.png,5A0424,"85,68,96",#554460,dark_accents.html
1A0369.png,1A0369,"223,91,60",#df5b3c,dark_accents.html
1A3024.png,1A3024,"192,54,48",#c03630,dark_accents.html
1A3025.png,1A3025,"189,62,70",#bd3e46,dark_accents.html
1A0361.png,1A0361,"208,67,81",#d04351,dark_accents.html
1A3026.png,1A3026,"168,47,71",#a82f47,dark_accents.html
3A0389.png,3A0389,"255,175,51",#ffaf33,dark_accents.html
2A3027.png,2A3027,"253,161,36",#fda124,dark_accents.html
2A0381.png,2A0381,"244,144,37",#f49025,dark_accents.html
2A0228.png,2A0228,"248,140,40",#f88c28,dark_accents.html
2A0672.png,2A0672,"248,133,25",#f88519,dark_accents.html
3A3028.png,3A3028,"254,222,74",#fede4a,dark_accents.html
3A0388.png,3A0388,"244,173,51",#f4ad33,dark_accents.html
3A3029.png,3A3029,"215,153,37",#d79925,dark_accents.html
2A0688.png,2A0688,"212,135,49",#d48731,dark_accents.html
2A0592.png,2A0592,"176,115,59",#b0733b,dark_accents.html
3A0816.png,3A0816,"210,183,44",#d2b72c,dark_accents.html
4A0402.png,4A0402,"168,202,68",#a8ca44,dark_accents.html
4A3030.png,4A3030,"163,186,51",#a3ba33,dark_accents.html
4A0404.png,4A0404,"118,184,44",#76b82c,dark_accents.html
4A0406.png,4A0406,"95,179,82",#5fb352,dark_accents.html
4A0920.png,4A0920,"1,159,73",#019f49,dark_accents.html
4A0415.png,4A0415,"43,106,81",#2b6a51,dark_accents.html
4A2805.png,4A2805,"47,71,72",#2f4748,dark_accents.html
4A2807.png,4A2807,"49,68,78",#31444e,dark_accents.html
8A2806.png,8A2806,"59,65,66",#3b4142,dark_accents.html
5A2802.png,5A2802,"42,98,167",#2a62a7,dark_accents.html
5A2239.png,5A2239,"55,77,103",#374d67,dark_accents.html
5A0421.png,5A0421,"52,67,91",#34435b,dark_accents.html
6A1248.png,6A1248,"66,68,99",#424463,dark_accents.html
6A2319.png,6A2319,"73,70,99",#494663,dark_accents.html
5A0422.png,5A0422,"96,82,140",#60528c,dark_accents.html
6A1360.png,6A1360,"79,57,79",#4f394f,dark_accents.html
6A1368.png,6A1368,"83,55,77",#53374d,dark_accents.html
6A2347.png,6A2347,"71,61,76",#473d4c,dark_accents.html
1A2792.png,1A2792,"169,76,61",#a94c3d,dark_accents.html
1A0544.png,1A0544,"155,72,51",#9b4833,dark_accents.html
1A0560.png,1A0560,"158,79,50",#9e4f32,dark_accents.html
7A1640.png,7A1640,"148,82,57",#945239,dark_accents.html
1A2003.png,1A2003,"140,83,66",#8c5342,dark_accents.html
7A2498.png,7A2498,"131,99,78",#83634e,dark_accents.html
7A1624.png,7A1624,"137,91,62",#895b3e,dark_accents.html
7A2815.png,7A2815,"102,78,60",#664e3c,dark_accents.html
8A2808.png,8A2808,"107,75,64",#6b4b40,dark_accents.html
8A0432.png,8A0432,"99,67,67",#634343,dark_accents.html
7A1592.png,7A1592,"158,120,66",#9e7842,dark_accents.html
7A2438.png,7A2438,"145,110,73",#916e49,dark_accents.html
7A2439.png,7A2439,"139,98,63",#8b623f,dark_accents.html
7A2812.png,7A2812,"95,81,54",#5f5136,dark_accents.html
7A2814.png,7A2814,"80,72,60",#50483c,dark_accents.html
7A2411.png,7A2411,"123,114,62",#7b723e,earth_tone.html
8D2554.png,8D2554,"151,122,110",#977a6e,earth_tone.html
7P1449.png,7P1449,"206,228,225",#cee4e1,earth_tone.html
7T1443.png,7T1443,"174,212,211",#aed4d3,earth_tone.html
7T1445.png,7T1445,"124,180,184",#7cb4b8,earth_tone.html
7D1447.png,7D1447,"68,134,136",#448688,earth_tone.html
4A0280.png,4A0280,"38,103,105",#266769,earth_tone.html
7P1441.png,7P1441,"214,238,231",#d6eee7,earth_tone.html
7T1451.png,7T1451,"176,212,207",#b0d4cf,earth_tone.html
7T1453.png,7T1453,"131,179,177",#83b3b1,earth_tone.html
7D1455.png,7D1455,"78,132,128",#4e8480,earth_tone.html
7A2384.png,7A2384,"28,102,105",#1c6669,earth_tone.html
4P0113.png,4P0113,"224,241,231",#e0f1e7,earth_tone.html
7T1459.png,7T1459,"178,214,206",#b2d6ce,earth_tone.html
7T1461.png,7T1461,"128,181,173",#80b5ad,earth_tone.html
7D1463.png,7D1463,"79,135,125",#4f877d,earth_tone.html
7A1464.png,7A1464,"44,93,83",#2c5d53,earth_tone.html
4P2168.png,4P2168,"218,238,224",#daeee0,earth_tone.html
7P1474.png,7P1474,"200,224,214",#c8e0d6,earth_tone.html
7T1476.png,7T1476,"153,193,182",#99c1b6,earth_tone.html
7D1479.png,7D1479,"93,139,122",#5d8b7a,earth_tone.html
7A1480.png,7A1480,"66,105,92",#42695c,earth_tone.html
7P1465.png,7P1465,"211,229,221",#d3e5dd,earth_tone.html
7T1467.png,7T1467,"182,211,203",#b6d3cb,earth_tone.html
7T1469.png,7T1469,"138,179,172",#8ab3ac,earth_tone.html
7D1471.png,7D1471,"92,135,126",#5c877e,earth_tone.html
7A1472.png,7A1472,"59,96,86",#3b6056,earth_tone.html
4P0097.png,4P0097,"226,235,223",#e2ebdf,earth_tone.html
7T2385.png,7T2385,"187,212,202",#bbd4ca,earth_tone.html
7T2387.png,7T2387,"140,178,166",#8cb2a6,earth_tone.html
7D2389.png,7D2389,"94,135,120",#5e8778,earth_tone.html
7A2390.png,7A2390,"67,99,86",#436356,earth_tone.html
7P2925.png,7P2925,"209,216,206",#d1d8ce,earth_tone.html
7T2927.png,7T2927,"193,209,199",#c1d1c7,earth_tone.html
7T2929.png,7T2929,"121,142,134",#798e86,earth_tone.html
8A2789.png,8A2789,"80,93,89",#505d59,earth_tone.html
7A2931.png,7A2931,"59,70,62",#3b463e,earth_tone.html
7P2932.png,7P2932,"221,236,222",#ddecde,earth_tone.html
7T2934.png,7T2934,"191,223,204",#bfdfcc,earth_tone.html
7T2936.png,7T2936,"146,189,169",#92bda9,earth_tone.html
7D2938.png,7D2938,"81,143,118",#518f76,earth_tone.html
4D2174.png,4D2174,"51,116,90",#33745a,earth_tone.html
7P1473.png,7P1473,"217,235,221",#d9ebdd,earth_tone.html
4T2170.png,4T2170,"186,215,201",#bad7c9,earth_tone.html
4T2172.png,4T2172,"133,171,154",#85ab9a,earth_tone.html
7D2939.png,7D2939,"93,143,114",#5d8f72,earth_tone.html
4A0268.png,4A0268,"68,104,87",#446857,earth_tone.html
7P1481.png,7P1481,"221,232,218",#dde8da,earth_tone.html
7T1483.png,7T1483,"189,216,198",#bdd8c6,earth_tone.html
7T1485.png,7T1485,"146,185,163",#92b9a3,earth_tone.html
7D1487.png,7D1487,"99,137,114",#638972,earth_tone.html
7A1488.png,7A1488,"74,105,84",#4a6954,earth_tone.html
7P1489.png,7P1489,"220,231,218",#dce7da,earth_tone.html
7T1491.png,7T1491,"189,209,192",#bdd1c0,earth_tone.html
7T1493.png,7T1493,"151,177,158",#97b19e,earth_tone.html
7D1495.png,7D1495,"106,133,109",#6a856d,earth_tone.html
7A1496.png,7A1496,"73,93,74",#495d4a,earth_tone.html
4P2127.png,4P2127,"225,235,222",#e1ebde,earth_tone.html
7T2941.png,7T2941,"199,222,202",#c7deca,earth_tone.html
7T2943.png,7T2943,"157,192,167",#9dc0a7,earth_tone.html
7D2945.png,7D2945,"103,140,109",#678c6d,earth_tone.html
7A2946.png,7A2946,"83,108,80",#536c50,earth_tone.html
7P1497.png,7P1497,"225,234,217",#e1ead9,earth_tone.html
7T1499.png,7T1499,"197,214,192",#c5d6c0,earth_tone.html
7T1501.png,7T1501,"158,185,159",#9eb99f,earth_tone.html
7D1503.png,7D1503,"111,140,108",#6f8c6c,earth_tone.html
7A1504.png,7A1504,"76,106,80",#4c6a50,earth_tone.html
7P2947.png,7P2947,"225,234,212",#e1ead4,earth_tone.html
7T2393.png,7T2393,"203,216,194",#cbd8c2,earth_tone.html
7T2395.png,7T2395,"164,186,157",#a4ba9d,earth_tone.html
7D2397.png,7D2397,"119,142,105",#778e69,earth_tone.html
7A2398.png,7A2398,"77,104,73",#4d6849,earth_tone.html
4P0906.png,4P0906,"221,235,207",#ddebcf,earth_tone.html
7T1508.png,7T1508,"187,202,172",#bbcaac,earth_tone.html
7D1510.png,7D1510,"152,165,122",#98a57a,earth_tone.html
7D2948.png,7D2948,"121,152,102",#799866,earth_tone.html
7A1512.png,7A1512,"96,109,71",#606d47,earth_tone.html
7P2949.png,7P2949,"221,226,206",#dde2ce,earth_tone.html
7T2951.png,7T2951,"193,205,190",#c1cdbe,earth_tone.html
7T2953.png,7T2953,"164,182,160",#a4b6a0,earth_tone.html
7D2955.png,7D2955,"116,124,100",#747c64,earth_tone.html
7A2956.png,7A2956,"92,98,73",#5c6249,earth_tone.html
7P2957.png,7P2957,"220,223,210",#dcdfd2,earth_tone.html
7T2959.png,7T2959,"204,210,197",#ccd2c5,earth_tone.html
7T2961.png,7T2961,"191,194,175",#bfc2af,earth_tone.html
7D2963.png,7D2963,"118,131,120",#768378,earth_tone.html
7A2964.png,7A2964,"97,110,94",#616e5e,earth_tone.html
7P1513.png,7P1513,"229,231,209",#e5e7d1,earth_tone.html
7T1515.png,7T1515,"212,216,186",#d4d8ba,earth_tone.html
7T1517.png,7T1517,"180,187,149",#b4bb95,earth_tone.html
7D1519.png,7D1519,"140,146,102",#8c9266,earth_tone.html
4A0272.png,4A0272,"95,110,76",#5f6e4c,earth_tone.html
7P1521.png,7P1521,"233,233,213",#e9e9d5,earth_tone.html
4P0261.png,4P0261,"223,226,191",#dfe2bf,earth_tone.html
7T1525.png,7T1525,"176,179,144",#b0b390,earth_tone.html
7D2403.png,7D2403,"134,136,93",#86885d,earth_tone.html
4A0264.png,4A0264,"124,121,67",#7c7943,earth_tone.html
7P2399.png,7P2399,"233,232,210",#e9e8d2,earth_tone.html
7P1522.png,7P1522,"218,218,194",#dadac2,earth_tone.html
7T2402.png,7T2402,"183,185,152",#b7b998,earth_tone.html
7D1527.png,7D1527,"140,141,100",#8c8d64,earth_tone.html
7A1528.png,7A1528,"106,108,75",#6a6c4b,earth_tone.html
7P2404.png,7P2404,"228,225,201",#e4e1c9,earth_tone.html
7T2405.png,7T2405,"202,202,169",#cacaa9,earth_tone.html
7T1533.png,7T1533,"192,187,145",#c0bb91,earth_tone.html
7D1535.png,7D1535,"158,147,97",#9e9361,earth_tone.html
7A2407.png,7A2407,"109,106,66",#6d6a42,earth_tone.html
7P1538.png,7P1538,"232,228,199",#e8e4c7,earth_tone.html
7T2409.png,7T2409,"224,217,180",#e0d9b4,earth_tone.html
7T2410.png,7T2410,"196,188,143",#c4bc8f,earth_tone.html
7D1543.png,7D1543,"162,146,93",#a2925d,earth_tone.html
7P1546.png,7P1546,"228,224,200",#e4e0c8,earth_tone.html
7T1548.png,7T1548,"212,203,173",#d4cbad,earth_tone.html
7T1549.png,7T1549,"195,185,154",#c3b99a,earth_tone.html
7D2417.png,7D2417,"162,151,120",#a29778,earth_tone.html
7A2419.png,7A2419,"129,118,85",#817655,earth_tone.html
7P2413.png,7P2413,"226,218,195",#e2dac3,earth_tone.html
7T2420.png,7T2420,"198,185,155",#c6b99b,earth_tone.html
7D2421.png,7D2421,"177,160,124",#b1a07c,earth_tone.html
7D1551.png,7D1551,"157,144,104",#9d9068,earth_tone.html
7D2418.png,7D2418,"144,131,95",#90835f,earth_tone.html
2P0043.png,2P0043,"236,223,200",#ecdfc8,earth_tone.html
3P0063.png,3P0063,"227,213,187",#e3d5bb,earth_tone.html
7T1557.png,7T1557,"206,188,149",#cebc95,earth_tone.html
7D1559.png,7D1559,"172,149,100",#ac9564,earth_tone.html
3A0256.png,3A0256,"149,128,85",#958055,earth_tone.html
7P1562.png,7P1562,"237,224,196",#ede0c4,earth_tone.html
3P0064.png,3P0064,"221,203,164",#ddcba4,earth_tone.html
7T2428.png,7T2428,"188,166,124",#bca67c,earth_tone.html
7D2430.png,7D2430,"163,138,90",#a38a5a,earth_tone.html
7A2424.png,7A2424,"140,116,69",#8c7445,earth_tone.html
7P2431.png,7P2431,"244,233,206",#f4e9ce,earth_tone.html
3P0056.png,3P0056,"235,213,170",#ebd5aa,earth_tone.html
7T1565.png,7T1565,"216,191,146",#d8bf92,earth_tone.html
7D1567.png,7D1567,"188,156,99",#bc9c63,earth_tone.html
7A1568.png,7A1568,"147,117,63",#93753f,earth_tone.html
3P0066.png,3P0066,"240,232,213",#f0e8d5,earth_tone.html
7T2447.png,7T2447,"232,215,190",#e8d7be,earth_tone.html
7T2454.png,7T2454,"189,161,127",#bda17f,earth_tone.html
7D2456.png,7D2456,"161,131,94",#a1835e,earth_tone.html
7A2457.png,7A2457,"143,111,76",#8f6f4c,earth_tone.html
7P1569.png,7P1569,"241,232,213",#f1e8d5,earth_tone.html
7T1571.png,7T1571,"232,216,189",#e8d8bd,earth_tone.html
7T1573.png,7T1573,"206,184,151",#ceb897,earth_tone.html
7D1575.png,7D1575,"172,144,103",#ac9067,earth_tone.html
7A1576.png,7A1576,"127,101,68",#7f6544,earth_tone.html
7P2446.png,7P2446,"240,227,205",#f0e3cd,earth_tone.html
7T2453.png,7T2453,"228,207,176",#e4cfb0,earth_tone.html
7T2449.png,7T2449,"205,183,150",#cdb796,earth_tone.html
3D0247.png,3D0247,"180,149,109",#b4956d,earth_tone.html
7A2451.png,7A2451,"127,101,67",#7f6543,earth_tone.html
7P1586.png,7P1586,"244,227,197",#f4e3c5,earth_tone.html
2P0045.png,2P0045,"233,211,173",#e9d3ad,earth_tone.html
7T1581.png,7T1581,"220,190,144",#dcbe90,earth_tone.html
7D1590.png,7D1590,"207,168,112",#cfa870,earth_tone.html
7D1591.png,7D1591,"190,151,96",#be9760,earth_tone.html
7P1578.png,7P1578,"246,231,200",#f6e7c8,earth_tone.html
7T1588.png,7T1588,"233,203,162",#e9cba2,earth_tone.html
7T2433.png,7T2433,"203,166,120",#cba678,earth_tone.html
7D2434.png,7D2434,"187,146,94",#bb925e,earth_tone.html
7D2437.png,7D2437,"179,142,98",#b38e62,earth_tone.html
7P1602.png,7P1602,"245,225,196",#f5e1c4,earth_tone.html
7D1606.png,7D1606,"207,162,109",#cfa26d,earth_tone.html
7D1615.png,7D1615,"197,148,91",#c5945b,earth_tone.html
7A1608.png,7A1608,"163,117,66",#a37542,earth_tone.html
2P0042.png,2P0042,"246,227,201",#f6e3c9,earth_tone.html
7T1611.png,7T1611,"244,215,179",#f4d7b3,earth_tone.html
7D2440.png,7D2440,"197,142,87",#c58e57,earth_tone.html
7A2441.png,7A2441,"165,106,63",#a56a3f,earth_tone.html
7P2452.png,7P2452,"240,227,206",#f0e3ce,earth_tone.html
7T1595.png,7T1595,"233,211,182",#e9d3b6,earth_tone.html
7T1597.png,7T1597,"208,178,142",#d0b28e,earth_tone.html
7D1599.png,7D1599,"174,134,92",#ae865c,earth_tone.html
3A0248.png,3A0248,"148,111,69",#946f45,earth_tone.html
7P2445.png,7P2445,"242,233,215",#f2e9d7,earth_tone.html
7T2466.png,7T2466,"227,209,186",#e3d1ba,earth_tone.html
7T2467.png,7T2467,"176,151,125",#b0977d,earth_tone.html
7D2469.png,7D2469,"140,112,86",#8c7056,earth_tone.html
7A2470.png,7A2470,"129,99,72",#816348,earth_tone.html
7P2471.png,7P2471,"237,223,207",#eddfcf,earth_tone.html
7T2473.png,7T2473,"219,196,175",#dbc4af,earth_tone.html
7T2475.png,7T2475,"190,167,147",#bea793,earth_tone.html
7D2476.png,7D2476,"161,137,116",#a18974,earth_tone.html
7A2477.png,7A2477,"135,108,86",#876c56,earth_tone.html
7P1601.png,7P1601,"245,228,206",#f5e4ce,earth_tone.html
7T2458.png,7T2458,"227,200,170",#e3c8aa,earth_tone.html
7T2459.png,7T2459,"209,179,150",#d1b396,earth_tone.html
7D2461.png,7D2461,"173,139,104",#ad8b68,earth_tone.html
7D2462.png,7D2462,"160,122,88",#a07a58,earth_tone.html
7P1609.png,7P1609,"244,230,210",#f4e6d2,earth_tone.html
7T2486.png,7T2486,"231,203,177",#e7cbb1,earth_tone.html
7T2480.png,7T2480,"207,178,152",#cfb298,earth_tone.html
7D2482.png,7D2482,"175,147,125",#af937d,earth_tone.html
7A2444.png,7A2444,"152,114,89",#987259,earth_tone.html
2P0229.png,2P0229,"243,228,209",#f3e4d1,earth_tone.html
7T2479.png,7T2479,"222,191,167",#debfa7,earth_tone.html
7T1621.png,7T1621,"202,164,136",#caa488,earth_tone.html
7D1622.png,7D1622,"188,141,107",#bc8d6b,earth_tone.html
7D1623.png,7D1623,"172,124,91",#ac7c5b,earth_tone.html
7P1625.png,7P1625,"246,222,202",#f6deca,earth_tone.html
7T1627.png,7T1627,"239,203,176",#efcbb0,earth_tone.html
7T2514.png,7T2514,"222,174,144",#deae90,earth_tone.html
7D1631.png,7D1631,"185,127,88",#b97f58,earth_tone.html
2A0232.png,2A0232,"130,85,59",#82553b,earth_tone.html
7P1617.png,7P1617,"243,230,212",#f3e6d4,earth_tone.html
7T1619.png,7T1619,"228,198,176",#e4c6b0,earth_tone.html
7T2508.png,7T2508,"210,178,153",#d2b299,earth_tone.html
7D2443.png,7D2443,"163,127,100",#a37f64,earth_tone.html
7D2489.png,7D2489,"157,118,89",#9d7659,earth_tone.html
7P0337.png,7P0337,"238,223,209",#eedfd1,earth_tone.html
2P0039.png,2P0039,"229,200,180",#e5c8b4,earth_tone.html
7P0338.png,7P0338,"220,187,164",#dcbba4,earth_tone.html
7D2510.png,7D2510,"171,137,115",#ab8973,earth_tone.html
7D2496.png,7D2496,"166,128,103",#a68067,earth_tone.html
8P2564.png,8P2564,"243,233,225",#f3e9e1,earth_tone.html
7P2507.png,7P2507,"229,210,196",#e5d2c4,earth_tone.html
7T2502.png,7T2502,"218,197,182",#dac5b6,earth_tone.html
7D2504.png,7D2504,"180,145,126",#b4917e,earth_tone.html
7D2503.png,7D2503,"168,141,127",#a88d7f,earth_tone.html
1P2009.png,1P2009,"244,226,214",#f4e2d6,earth_tone.html
7P1634.png,7P1634,"242,205,189",#f2cdbd,earth_tone.html
7T1636.png,7T1636,"223,172,151",#dfac97,earth_tone.html
7D1638.png,7D1638,"194,128,101",#c28065,earth_tone.html
7D1639.png,7D1639,"178,113,86",#b27156,earth_tone.html
7P1641.png,7P1641,"241,216,203",#f1d8cb,earth_tone.html
8T2517.png,8T2517,"233,181,164",#e9b5a4,earth_tone.html
7D1646.png,7D1646,"177,117,97",#b17561,earth_tone.html
8D2523.png,8D2523,"146,92,80",#925c50,earth_tone.html
7A1648.png,7A1648,"139,78,60",#8b4e3c,earth_tone.html
8P2515.png,8P2515,"249,229,220",#f9e5dc,earth_tone.html
7P1642.png,7P1642,"235,197,185",#ebc5b9,earth_tone.html
7T1644.png,7T1644,"210,162,149",#d2a295,earth_tone.html
7A1656.png,7A1656,"130,75,63",#824b3f,earth_tone.html
7A0332.png,7A0332,"122,77,66",#7a4d42,earth_tone.html
1P0027.png,1P0027,"249,227,216",#f9e3d8,earth_tone.html
7T0334.png,7T0334,"224,187,178",#e0bbb2,earth_tone.html
7T1645.png,7T1645,"196,144,129",#c49081,earth_tone.html
8D2519.png,8D2519,"148,100,91",#94645b,earth_tone.html
7A1672.png,7A1672,"119,75,67",#774b43,earth_tone.html
7P1649.png,7P1649,"241,215,207",#f1d7cf,earth_tone.html
7T1651.png,7T1651,"219,176,167",#dbb0a7,earth_tone.html
8T2521.png,8T2521,"192,145,136",#c09188,earth_tone.html
1A2793.png,1A2793,"134,73,66",#864942,earth_tone.html
1A0375.png,1A0375,"123,69,66",#7b4542,earth_tone.html
7P1657.png,7P1657,"239,217,209",#efd9d1,earth_tone.html
7T1659.png,7T1659,"220,176,169",#dcb0a9,earth_tone.html
7T1661.png,7T1661,"186,137,132",#ba8984,earth_tone.html
7D1663.png,7D1663,"151,97,89",#976159,earth_tone.html
7A1664.png,7A1664,"127,77,66",#7f4d42,earth_tone.html
8P2542.png,8P2542,"235,219,210",#ebdbd2,earth_tone.html
8T2544.png,8T2544,"218,193,185",#dac1b9,earth_tone.html
8T2546.png,8T2546,"184,155,148",#b89b94,earth_tone.html
8D2548.png,8D2548,"132,97,88",#846158,earth_tone.html
7A0336.png,7A0336,"112,85,79",#70554f,earth_tone.html
1P0026.png,1P0026,"232,218,210",#e8dad2,earth_tone.html
8T2551.png,8T2551,"205,179,168",#cdb3a8,earth_tone.html
8T2553.png,8T2553,"166,140,131",#a68c83,earth_tone.html
8D2555.png,8D2555,"127,97,85",#7f6155,earth_tone.html
7A0344.png,7A0344,"109,80,66",#6d5042,earth_tone.html
7P2506.png,7P2506,"245,233,225",#f5e9e1,earth_tone.html
1P0032.png,1P0032,"228,201,191",#e4c9bf,earth_tone.html
7D0335.png,7D0335,"177,138,130",#b18a82,earth_tone.html
8D2540.png,8D2540,"141,99,88",#8d6358,earth_tone.html
8A2541.png,8A2541,"108,72,65",#6c4841,earth_tone.html
8P2571.png,8P2571,"228,212,206",#e4d4ce,earth_tone.html
8T2530.png,8T2530,"206,174,171",#ceaeab,earth_tone.html
8T2532.png,8T2532,"171,133,129",#ab8581,earth_tone.html
8D2534.png,8D2534,"131,86,80",#835650,earth_tone.html
8A2535.png,8A2535,"109,70,61",#6d463d,earth_tone.html
1P0020.png,1P0020,"237,217,208",#edd9d0,earth_tone.html
1P0024.png,1P0024,"214,186,180",#d6bab4,earth_tone.html
8T2525.png,8T2525,"175,138,137",#af8a89,earth_tone.html
8D2527.png,8D2527,"132,89,84",#845954,earth_tone.html
8A2528.png,8A2528,"104,66,56",#684238,earth_tone.html
7P1665.png,7P1665,"238,217,216",#eed9d8,earth_tone.html
7T1667.png,7T1667,"222,184,184",#deb8b8,earth_tone.html
7T1669.png,7T1669,"190,144,148",#be9094,earth_tone.html
7D1670.png,7D1670,"171,118,118",#ab7676,earth_tone.html
7D1671.png,7D1671,"148,95,96",#945f60,earth_tone.html
7P0179.png,7P0179,"242,230,224",#f2e6e0,earth_tone.html
1P0317.png,1P0317,"228,203,201",#e4cbc9,earth_tone.html
8T2586.png,8T2586,"190,154,161",#be9aa1,earth_tone.html
8D2588.png,8D2588,"137,96,100",#896064,earth_tone.html
1A0376.png,1A0376,"96,66,66",#604242,earth_tone.html
8T2591.png,8T2591,"229,204,207",#e5cccf,earth_tone.html
8T2593.png,8T2593,"201,153,162",#c999a2,earth_tone.html
8D2594.png,8D2594,"179,115,128",#b37380,earth_tone.html
8A2595.png,8A2595,"135,74,87",#874a57,earth_tone.html
1A2796.png,1A2796,"109,60,68",#6d3c44,earth_tone.html
7P1674.png,7P1674,"230,206,211",#e6ced3,earth_tone.html
7T1676.png,7T1676,"205,169,181",#cda9b5,earth_tone.html
7D1678.png,7D1678,"169,123,135",#a97b87,earth_tone.html
7A1688.png,7A1688,"103,66,83",#674253,earth_tone.html
8A2811.png,8A2811,"72,43,48",#482b30,earth_tone.html
7P2969.png,7P2969,"242,229,226",#f2e5e2,earth_tone.html
7T2971.png,7T2971,"224,192,203",#e0c0cb,earth_tone.html
7T2973.png,7T2973,"194,157,175",#c29daf,earth_tone.html
7D2975.png,7D2975,"141,105,122",#8d697a,earth_tone.html
6A2798.png,6A2798,"110,60,95",#6e3c5f,earth_tone.html
8P1761.png,8P1761,"228,214,212",#e4d6d4,earth_tone.html
7T2976.png,7T2976,"209,185,193",#d1b9c1,earth_tone.html
7T2978.png,7T2978,"179,154,165",#b39aa5,earth_tone.html
7D2980.png,7D2980,"130,101,111",#82656f,earth_tone.html
6A2797.png,6A2797,"90,60,71",#5a3c47,earth_tone.html
6P2341.png,6P2341,"239,233,232",#efe9e8,earth_tone.html
7T2981.png,7T2981,"210,187,200",#d2bbc8,earth_tone.html
7T2983.png,7T2983,"190,165,181",#bea5b5,earth_tone.html
7D2985.png,7D2985,"160,133,152",#a08598,earth_tone.html
7A2986.png,7A2986,"132,102,123",#84667b,earth_tone.html
8P1769.png,8P1769,"230,219,221",#e6dbdd,earth_tone.html
8T1771.png,8T1771,"207,193,201",#cfc1c9,earth_tone.html
8T1773.png,8T1773,"166,152,166",#a698a6,earth_tone.html
8D1775.png,8D1775,"122,103,116",#7a6774,earth_tone.html
8A1776.png,8A1776,"87,71,80",#574750,earth_tone.html
8P1777.png,8P1777,"236,231,228",#ece7e4,earth_tone.html
8T1779.png,8T1779,"201,195,207",#c9c3cf,earth_tone.html
8T1781.png,8T1781,"162,157,177",#a29db1,earth_tone.html
8D2602.png,8D2602,"107,104,126",#6b687e,earth_tone.html
8A2603.png,8A2603,"60,50,66",#3c3242,earth_tone.html
8P2589.png,8P2589,"229,220,221",#e5dcdd,earth_tone.html
8T1763.png,8T1763,"204,188,191",#ccbcbf,earth_tone.html
8T1765.png,8T1765,"169,150,157",#a9969d,earth_tone.html
8D1767.png,8D1767,"119,97,102",#776166,earth_tone.html
8A1768.png,8A1768,"91,69,71",#5b4547,earth_tone.html
7P0177.png,7P0177,"233,226,224",#e9e2e0,earth_tone.html
8T1755.png,8T1755,"203,185,183",#cbb9b7,earth_tone.html
8T1757.png,8T1757,"167,147,148",#a79394,earth_tone.html
8D1759.png,8D1759,"119,95,93",#775f5d,earth_tone.html
8A1760.png,8A1760,"92,70,66",#5c4642,earth_tone.html
8P2557.png,8P2557,"223,208,196",#dfd0c4,earth_tone.html
8T2559.png,8T2559,"198,182,169",#c6b6a9,earth_tone.html
8D2561.png,8D2561,"164,142,126",#a48e7e,earth_tone.html
8A2563.png,8A2563,"107,82,65",#6b5241,earth_tone.html
8A1712.png,8A1712,"73,62,53",#493e35,earth_tone.html
8P2556.png,8P2556,"237,225,216",#ede1d8,earth_tone.html
8T2567.png,8T2567,"194,174,164",#c2aea4,earth_tone.html
8D2569.png,8D2569,"137,113,104",#897168,earth_tone.html
8A0431.png,8A0431,"91,73,65",#5b4941,earth_tone.html
8A2809.png,8A2809,"88,71,63",#58473f,earth_tone.html
8P2537.png,8P2537,"223,206,201",#dfcec9,earth_tone.html
8T1739.png,8T1739,"205,186,181",#cdbab5,earth_tone.html
8T1741.png,8T1741,"166,141,137",#a68d89,earth_tone.html
8D1743.png,8D1743,"124,93,87",#7c5d57,earth_tone.html
8A1744.png,8A1744,"95,69,63",#5f453f,earth_tone.html
8P2536.png,8P2536,"232,219,213",#e8dbd5,earth_tone.html
8T1747.png,8T1747,"205,188,183",#cdbcb7,earth_tone.html
8T1749.png,8T1749,"166,143,139",#a68f8b,earth_tone.html
8D1751.png,8D1751,"125,98,91",#7d625b,earth_tone.html
8A1752.png,8A1752,"96,70,61",#60463d,earth_tone.html
8P1737.png,8P1737,"226,211,206",#e2d3ce,earth_tone.html
8T2573.png,8T2573,"201,182,179",#c9b6b3,earth_tone.html
8T2575.png,8T2575,"165,144,142",#a5908e,earth_tone.html
8D2577.png,8D2577,"119,93,87",#775d57,earth_tone.html
8A2578.png,8A2578,"87,63,54",#573f36,earth_tone.html
8P1729.png,8P1729,"240,221,215",#f0ddd7,earth_tone.html
8T2579.png,8T2579,"203,184,180",#cbb8b4,earth_tone.html
8T2581.png,8T2581,"161,144,144",#a19090,earth_tone.html
8D2583.png,8D2583,"108,88,84",#6c5854,earth_tone.html
8A2584.png,8A2584,"83,61,53",#533d35,earth_tone.html
8P2585.png,8P2585,"225,218,212",#e1dad4,earth_tone.html
8T1731.png,8T1731,"197,186,184",#c5bab8,earth_tone.html
8T1733.png,8T1733,"162,148,147",#a29493,earth_tone.html
8D1735.png,8D1735,"114,96,92",#72605c,earth_tone.html
8A1736.png,8A1736,"87,65,59",#57413b,earth_tone.html
7P0178.png,7P0178,"228,221,220",#e4dddc,earth_tone.html
8T2596.png,8T2596,"214,205,204",#d6cdcc,earth_tone.html
8T2598.png,8T2598,"178,162,162",#b2a2a2,earth_tone.html
8D2600.png,8D2600,"154,135,133",#9a8785,earth_tone.html
8A2601.png,8A2601,"96,68,70",#604446,earth_tone.html
7P2987.png,7P2987,"234,226,221",#eae2dd,earth_tone.html
7T2989.png,7T2989,"209,197,198",#d1c5c6,earth_tone.html
7T2991.png,7T2991,"169,160,166",#a9a0a6,earth_tone.html
7D2993.png,7D2993,"121,109,114",#796d72,earth_tone.html
8A2810.png,8A2810,"76,65,70",#4c4146,earth_tone.html
7P2994.png,7P2994,"219,217,216",#dbd9d8,earth_tone.html
7T2996.png,7T2996,"194,192,200",#c2c0c8,earth_tone.html
7D3000.png,7D3000,"89,91,103",#595b67,earth_tone.html
7A3001.png,7A3001,"51,50,54",#333236,earth_tone.html
8P1785.png,8P1785,"220,221,224",#dcdde0,earth_tone.html
8T1787.png,8T1787,"193,197,209",#c1c5d1,earth_tone.html
8T1789.png,8T1789,"153,162,181",#99a2b5,earth_tone.html
8D1791.png,8D1791,"105,112,132",#697084,earth_tone.html
8A1792.png,8A1792,"64,65,78",#40414e,earth_tone.html
8P2604.png,8P2604,"215,218,219",#d7dadb,earth_tone.html
8T1795.png,8T1795,"188,195,204",#bcc3cc,earth_tone.html
8T1797.png,8T1797,"150,160,174",#96a0ae,earth_tone.html
8D1799.png,8D1799,"98,106,120",#626a78,earth_tone.html
8A1800.png,8A1800,"61,64,70",#3d4046,earth_tone.html
8P0345.png,8P0345,"226,229,230",#e2e5e6,earth_tone.html
8T1803.png,8T1803,"190,198,202",#bec6ca,earth_tone.html
8T1805.png,8T1805,"144,155,163",#909ba3,earth_tone.html
8D1807.png,8D1807,"98,107,114",#626b72,earth_tone.html
8A1808.png,8A1808,"51,53,58",#33353a,earth_tone.html
8P2607.png,8P2607,"214,219,221",#d6dbdd,earth_tone.html
8T2609.png,8T2609,"190,197,201",#bec5c9,earth_tone.html
8T2611.png,8T2611,"143,154,163",#8f9aa3,earth_tone.html
8D2613.png,8D2613,"96,105,113",#606971,earth_tone.html
8A2614.png,8A2614,"49,51,54",#313336,earth_tone.html
5P1894.png,5P1894,"216,225,229",#d8e1e5,earth_tone.html
8T1811.png,8T1811,"182,198,205",#b6c6cd,earth_tone.html
8T1813.png,8T1813,"139,161,175",#8ba1af,earth_tone.html
8A0425.png,8A0425,"96,114,129",#607281,earth_tone.html
8A1816.png,8A1816,"60,69,78",#3c454e,earth_tone.html
8P2615.png,8P2615,"225,231,228",#e1e7e4,earth_tone.html
8T2617.png,8T2617,"179,196,205",#b3c4cd,earth_tone.html
8T2619.png,8T2619,"139,160,174",#8ba0ae,earth_tone.html
8D2621.png,8D2621,"109,130,146",#6d8292,earth_tone.html
8A2622.png,8A2622,"74,94,107",#4a5e6b,earth_tone.html
7P3002.png,7P3002,"228,233,230",#e4e9e6,earth_tone.html
7T3004.png,7T3004,"175,202,217",#afcad9,earth_tone.html
5T1117.png,5T1117,"129,173,201",#81adc9,earth_tone.html
5D1118.png,5D1118,"97,146,177",#6192b1,earth_tone.html
7A3007.png,7A3007,"80,108,131",#506c83,earth_tone.html
8P1801.png,8P1801,"222,229,228",#dee5e4,earth_tone.html
8T1819.png,8T1819,"176,202,212",#b0cad4,earth_tone.html
8T2624.png,8T2624,"125,168,189",#7da8bd,earth_tone.html
8D2626.png,8D2626,"69,116,137",#457489,earth_tone.html
8A1824.png,8A1824,"56,73,84",#384954,earth_tone.html
8P1809.png,8P1809,"222,233,233",#dee9e9,earth_tone.html
8T2628.png,8T2628,"174,204,213",#aeccd5,earth_tone.html
8T2630.png,8T2630,"128,170,186",#80aaba,earth_tone.html
8D2632.png,8D2632,"70,118,134",#467686,earth_tone.html
8A2633.png,8A2633,"42,77,91",#2a4d5b,earth_tone.html
8P1825.png,8P1825,"216,228,226",#d8e4e2,earth_tone.html
8T1827.png,8T1827,"177,202,205",#b1cacd,earth_tone.html
8T1829.png,8T1829,"132,165,173",#84a5ad,earth_tone.html
8D2641.png,8D2641,"81,117,127",#51757f,earth_tone.html
8A1832.png,8A1832,"51,69,73",#334549,earth_tone.html
8P2634.png,8P2634,"222,230,228",#dee6e4,earth_tone.html
8T2635.png,8T2635,"197,214,218",#c5d6da,earth_tone.html
8T2637.png,8T2637,"164,190,198",#a4bec6,earth_tone.html
8D2639.png,8D2639,"113,146,159",#71929f,earth_tone.html
8D2640.png,8D2640,"82,110,122",#526e7a,earth_tone.html
8P2642.png,8P2642,"225,234,229",#e1eae5,earth_tone.html
8T2644.png,8T2644,"183,209,208",#b7d1d0,earth_tone.html
8T2646.png,8T2646,"131,168,173",#83a8ad,earth_tone.html
8D2647.png,8D2647,"99,142,147",#638e93,earth_tone.html
8A2648.png,8A2648,"53,104,109",#35686d,earth_tone.html
3P0082.png,3P0082,"229,236,229",#e5ece5,earth_tone.html
8T2662.png,8T2662,"156,176,175",#9cb0af,earth_tone.html
4D0279.png,4D0279,"101,128,125",#65807d,earth_tone.html
8A2664.png,8A2664,"52,93,89",#345d59,earth_tone.html
4P1883.png,4P1883,"227,235,232",#e3ebe8,earth_tone.html
8P2655.png,8P2655,"196,209,205",#c4d1cd,earth_tone.html
8T2657.png,8T2657,"148,169,165",#94a9a5,earth_tone.html
8D2659.png,8D2659,"81,107,102",#516b66,earth_tone.html
4A2215.png,4A2215,"59,87,87",#3b5757,earth_tone.html
8P1817.png,8P1817,"214,226,224",#d6e2e0,earth_tone.html
8T1835.png,8T1835,"183,198,199",#b7c6c7,earth_tone.html
8T2650.png,8T2650,"138,162,166",#8aa2a6,earth_tone.html
8T2652.png,8T2652,"87,111,115",#576f73,earth_tone.html
8T2653.png,8T2653,"48,61,63",#303d3f,earth_tone.html
8P1833.png,8P1833,"220,227,222",#dce3de,earth_tone.html
8T2667.png,8T2667,"183,199,200",#b7c7c8,earth_tone.html
8T2669.png,8T2669,"132,152,159",#84989f,earth_tone.html
8D2671.png,8D2671,"78,97,103",#4e6167,earth_tone.html
8A2672.png,8A2672,"56,66,70",#384246,earth_tone.html
8P0211.png,8P0211,"220,228,227",#dce4e3,earth_tone.html
8P0214.png,8P0214,"196,209,212",#c4d1d4,earth_tone.html
8T1837.png,8T1837,"142,163,166",#8ea3a6,earth_tone.html
8A0352.png,8A0352,"95,108,108",#5f6c6c,earth_tone.html
8A2660.png,8A2660,"50,65,62",#32413e,earth_tone.html
8P2673.png,8P2673,"210,221,221",#d2dddd,earth_tone.html
8T2675.png,8T2675,"168,182,185",#a8b6b9,earth_tone.html
8T2676.png,8T2676,"156,169,175",#9ca9af,earth_tone.html
8D2677.png,8D2677,"101,116,124",#65747c,earth_tone.html
8A2678.png,8A2678,"68,82,91",#44525b,earth_tone.html
4A2183.png,4A2183,"0,98,89",#006259,green.html
5P0286.png,5P0286,"165,227,223",#a5e3df,green.html
3P0802.png,3P0802,"250,247,206",#faf7ce,green.html
4T2861.png,4T2861,"251,242,184",#fbf2b8,green.html
4T2863.png,4T2863,"237,219,120",#eddb78,green.html
4A0400.png,4A0400,"207,208,32",#cfd020,green.html
3A0840.png,3A0840,"185,177,49",#b9b131,green.html
4P2098.png,4P2098,"238,231,175",#eee7af,green.html
4T2100.png,4T2100,"218,213,154",#dad59a,green.html
4T2865.png,4T2865,"214,207,135",#d6cf87,green.html
4D2103.png,4D2103,"192,179,102",#c0b366,green.html
4A2104.png,4A2104,"171,159,67",#ab9f43,green.html
4P2105.png,4P2105,"237,238,197",#edeec5,green.html
3T0828.png,3T0828,"227,226,164",#e3e2a4,green.html
4T2106.png,4T2106,"215,211,140",#d7d38c,green.html
4D2107.png,4D2107,"171,165,90",#aba55a,green.html
3A0832.png,3A0832,"150,145,57",#969139,green.html
3P0857.png,3P0857,"233,242,211",#e9f2d3,green.html
3T0851.png,3T0851,"233,239,184",#e9efb8,green.html
4T2867.png,4T2867,"219,226,131",#dbe283,green.html
4D2110.png,4D2110,"178,187,92",#b2bb5c,green.html
4A2111.png,4A2111,"149,154,66",#959a42,green.html
4P2112.png,4P2112,"233,239,194",#e9efc2,green.html
4T2113.png,4T2113,"219,233,157",#dbe99d,green.html
4D2115.png,4D2115,"199,206,123",#c7ce7b,green.html
4D0259.png,4D0259,"175,184,86",#afb856,green.html
3A0872.png,3A0872,"133,164,44",#85a42c,green.html
3P0085.png,3P0085,"239,240,217",#eff0d9,green.html
3T0867.png,3T0867,"228,240,189",#e4f0bd,green.html
4T2869.png,4T2869,"204,229,155",#cce59b,green.html
4D2871.png,4D2871,"153,165,56",#99a538,green.html
4A2872.png,4A2872,"118,148,61",#76943d,green.html
3P0086.png,3P0086,"234,236,208",#eaecd0,green.html
3T0859.png,3T0859,"228,236,189",#e4ecbd,green.html
3T0861.png,3T0861,"197,213,149",#c5d595,green.html
3D0863.png,3D0863,"165,185,103",#a5b967,green.html
3A0864.png,3A0864,"133,153,68",#859944,green.html
4P2873.png,4P2873,"238,234,204",#eeeacc,green.html
4T2875.png,4T2875,"218,218,167",#dadaa7,green.html
4T2876.png,4T2876,"185,185,124",#b9b97c,green.html
4D2878.png,4D2878,"141,140,68",#8d8c44,green.html
4A2879.png,4A2879,"125,134,72",#7d8648,green.html
4P2117.png,4P2117,"245,250,221",#f5fadd,green.html
4T2118.png,4T2118,"212,223,183",#d4dfb7,green.html
4T2119.png,4T2119,"181,196,147",#b5c493,green.html
4D2121.png,4D2121,"116,139,69",#748b45,green.html
4A2122.png,4A2122,"86,100,59",#56643b,green.html
4P0882.png,4P0882,"226,238,204",#e2eecc,green.html
4T0884.png,4T0884,"203,223,172",#cbdfac,green.html
4D0886.png,4D0886,"166,195,121",#a6c379,green.html
4A0888.png,4A0888,"110,149,67",#6e9543,green.html
4A2880.png,4A2880,"96,142,66",#608e42,green.html
4P2123.png,4P2123,"227,238,213",#e3eed5,green.html
4T0892.png,4T0892,"201,231,174",#c9e7ae,green.html
4T2124.png,4T2124,"175,206,156",#afce9c,green.html
4D2126.png,4D2126,"129,171,103",#81ab67,green.html
4A0896.png,4A0896,"93,160,63",#5da03f,green.html
4P0092.png,4P0092,"223,236,216",#dfecd8,green.html
4T0899.png,4T0899,"201,236,196",#c9ecc4,green.html
4T0909.png,4T0909,"164,202,160",#a4caa0,green.html
4D0271.png,4D0271,"121,165,113",#79a571,green.html
4A0912.png,4A0912,"92,135,74",#5c874a,green.html
4P0093.png,4P0093,"223,247,222",#dff7de,green.html
4P0094.png,4P0094,"205,229,197",#cde5c5,green.html
4T2131.png,4T2131,"171,203,165",#abcba5,green.html
4D2133.png,4D2133,"95,139,91",#5f8b5b,green.html
4A2134.png,4A2134,"73,116,66",#497442,green.html
4P2135.png,4P2135,"219,239,218",#dbefda,green.html
4P0095.png,4P0095,"188,221,189",#bcddbd,green.html
4D2136.png,4D2136,"153,192,159",#99c09f,green.html
4A0411.png,4A0411,"66,123,81",#427b51,green.html
4A0408.png,4A0408,"80,105,74",#50694a,green.html
4P0898.png,4P0898,"219,240,208",#dbf0d0,green.html
4T0900.png,4T0900,"182,227,178",#b6e3b2,green.html
4T2140.png,4T2140,"160,207,159",#a0cf9f,green.html
4D2142.png,4D2142,"94,161,91",#5ea15b,green.html
4A0412.png,4A0412,"0,120,63",#00783f,green.html
4P0091.png,4P0091,"230,247,228",#e6f7e4,green.html
4T0923.png,4T0923,"185,229,200",#b9e5c8,green.html
4T0925.png,4T0925,"137,212,166",#89d4a6,green.html
4D2144.png,4D2144,"91,161,117",#5ba175,green.html
4A0407.png,4A0407,"82,123,83",#527b53,green.html
4T0916.png,4T0916,"170,228,180",#aae4b4,green.html
4D0926.png,4D0926,"112,200,142",#70c88e,green.html
4A0410.png,4A0410,"0,167,98",#00a762,green.html
4A0928.png,4A0928,"21,153,94",#15995e,green.html
4P0273.png,4P0273,"221,238,225",#ddeee1,green.html
4T0931.png,4T0931,"188,226,201",#bce2c9,green.html
4T0933.png,4T0933,"139,198,164",#8bc6a4,green.html
4D0935.png,4D0935,"94,162,118",#5ea276,green.html
4A0936.png,4A0936,"60,129,82",#3c8152,green.html
4P2145.png,4P2145,"224,237,224",#e0ede0,green.html
4T2147.png,4T2147,"173,227,201",#ade3c9,green.html
4T2148.png,4T2148,"131,205,170",#83cdaa,green.html
4D2150.png,4D2150,"58,161,110",#3aa16e,green.html
4A2151.png,4A2151,"4,115,75",#04734b,green.html
4P2152.png,4P2152,"213,238,220",#d5eedc,green.html
4T0939.png,4T0939,"168,227,203",#a8e3cb,green.html
4T0941.png,4T0941,"121,208,175",#79d0af,green.html
4D0943.png,4D0943,"43,175,128",#2baf80,green.html
4A0944.png,4A0944,"0,128,78",#00804e,green.html
4P0109.png,4P0109,"209,242,225",#d1f2e1,green.html
4T0947.png,4T0947,"174,232,208",#aee8d0,green.html
4T0949.png,4T0949,"117,213,178",#75d5b2,green.html
4D0951.png,4D0951,"42,182,132",#2ab684,green.html
4A2153.png,4A2153,"35,123,85",#237b55,green.html
4P0108.png,4P0108,"222,246,233",#def6e9,green.html
4P0103.png,4P0103,"198,240,221",#c6f0dd,green.html
4T2155.png,4T2155,"134,195,175",#86c3af,green.html
4D2156.png,4D2156,"85,167,145",#55a791,green.html
4D2157.png,4D2157,"0,131,103",#008367,green.html
4P2158.png,4P2158,"212,239,227",#d4efe3,green.html
4T0955.png,4T0955,"177,227,212",#b1e3d4,green.html
4T0957.png,4T0957,"124,201,182",#7cc9b6,green.html
4D0959.png,4D0959,"62,162,137",#3ea289,green.html
4A0960.png,4A0960,"26,124,98",#1a7c62,green.html
4P0116.png,4P0116,"202,233,222",#cae9de,green.html
4P0120.png,4P0120,"172,214,203",#acd6cb,green.html
4D2161.png,4D2161,"133,188,172",#85bcac,green.html
4A0414.png,4A0414,"0,105,73",#006949,green.html
4A0416.png,4A0416,"38,94,73",#265e49,green.html
4P2159.png,4P2159,"217,239,229",#d9efe5,green.html
4P0118.png,4P0118,"197,231,220",#c5e7dc,green.html
4T2883.png,4T2883,"146,204,190",#92ccbe,green.html
4D2166.png,4D2166,"67,153,140",#43998c,green.html
4A2167.png,4A2167,"62,84,75",#3e544b,green.html
4P0100.png,4P0100,"218,237,228",#daede4,green.html
4P0112.png,4P0112,"183,219,210",#b7dbd2,green.html
4T2175.png,4T2175,"127,185,173",#7fb9ad,green.html
4D2177.png,4D2177,"67,131,115",#438373,green.html
4A2178.png,4A2178,"34,81,73",#225149,green.html
4P2884.png,4P2884,"218,232,224",#dae8e0,green.html
4T2163.png,4T2163,"180,221,212",#b4ddd4,green.html
4T2886.png,4T2886,"108,165,160",#6ca5a0,green.html
4D2888.png,4D2888,"73,136,129",#498881,green.html
4A2889.png,4A2889,"0,104,103",#006867,green.html
4P2179.png,4P2179,"221,238,234",#ddeeea,green.html
4T2890.png,4T2890,"184,220,215",#b8dcd7,green.html
4T2180.png,4T2180,"126,191,185",#7ebfb9,green.html
4D2182.png,4D2182,"50,141,131",#328d83,green.html
4P0969.png,4P0969,"203,236,229",#cbece5,green.html
4T0963.png,4T0963,"161,228,217",#a1e4d9,green.html
4T0965.png,4T0965,"99,207,193",#63cfc1,green.html
4D0967.png,4D0967,"0,172,151",#00ac97,green.html
4A0968.png,4A0968,"0,115,97",#007361,green.html
4P0115.png,4P0115,"216,244,235",#d8f4eb,green.html
4T0971.png,4T0971,"168,225,217",#a8e1d9,green.html
4T0973.png,4T0973,"115,203,192",#73cbc0,green.html
4D0975.png,4D0975,"40,164,149",#28a495,green.html
4A0976.png,4A0976,"0,122,105",#007a69,green.html
4P0977.png,4P0977,"220,245,237",#dcf5ed,green.html
4T0979.png,4T0979,"167,227,220",#a7e3dc,green.html
4T0981.png,4T0981,"101,203,195",#65cbc3,green.html
4D0983.png,4D0983,"0,167,155",#00a79b,green.html
4A0984.png,4A0984,"0,114,103",#007267,green.html
4P2184.png,4P2184,"221,235,225",#ddebe1,green.html
4T2186.png,4T2186,"190,229,220",#bee5dc,green.html
4T2188.png,4T2188,"154,214,204",#9ad6cc,green.html
4D0275.png,4D0275,"93,174,167",#5daea7,green.html
4P1009.png,4P1009,"206,236,230",#ceece6,green.html
4T2191.png,4T2191,"164,223,219",#a4dfdb,green.html
4T2193.png,4T2193,"107,197,192",#6bc5c0,green.html
4D2195.png,4D2195,"0,159,152",#009f98,green.html
4A1000.png,4A1000,"0,138,140",#008a8c,green.html
4P0985.png,4P0985,"209,239,232",#d1efe8,green.html
4T0987.png,4T0987,"168,226,223",#a8e2df,green.html
4T0989.png,4T0989,"109,198,199",#6dc6c7,green.html
4D0991.png,4D0991,"0,162,162",#00a2a2,green.html
4A0992.png,4A0992,"0,125,123",#007d7b,green.html
4P2196.png,4P2196,"216,238,236",#d8eeec,green.html
4T2199.png,4T2199,"130,211,211",#82d3d3,green.html
4D2200.png,4D2200,"0,160,168",#00a0a8,green.html
4A2201.png,4A2201,"0,135,135",#008787,green.html
4P2202.png,4P2202,"208,233,228",#d0e9e4,green.html
5P0132.png,5P0132,"172,226,227",#ace2e3,green.html
5P0128.png,5P0128,"152,213,217",#98d5d9,green.html
4D2204.png,4D2204,"75,168,175",#4ba8af,green.html
4A2205.png,4A2205,"25,142,148",#198e94,green.html
5P0130.png,5P0130,"200,236,233",#c8ece9,green.html
4T0995.png,4T0995,"165,225,223",#a5e1df,green.html
4T0997.png,4T0997,"98,200,205",#62c8cd,green.html
4D2206.png,4D2206,"21,143,159",#158f9f,green.html
4A1016.png,4A1016,"0,98,109",#00626d,green.html
5P0124.png,5P0124,"211,239,238",#d3efee,green.html
4T1003.png,4T1003,"168,218,220",#a8dadc,green.html
4T1005.png,4T1005,"111,188,195",#6fbcc3,green.html
4D1007.png,4D1007,"33,149,156",#21959c,green.html
4A1008.png,4A1008,"0,106,112",#006a70,green.html
5P1057.png,5P1057,"206,230,229",#cee6e5,green.html
4T1011.png,4T1011,"169,220,224",#a9dce0,green.html
4T1013.png,4T1013,"103,194,205",#67c2cd,green.html
4D2207.png,4D2207,"65,132,140",#41848c,green.html
4A2208.png,4A2208,"29,88,100",#1d5864,green.html
4P2216.png,4P2216,"222,235,229",#deebe5,green.html
5P0126.png,5P0126,"186,221,221",#badddd,green.html
4T2219.png,4T2219,"126,174,180",#7eaeb4,green.html
4D2221.png,4D2221,"59,118,124",#3b767c,green.html
4A2222.png,4A2222,"42,78,83",#2a4e53,green.html
4P1017.png,4P1017,"207,229,226",#cfe5e2,green.html
4T1019.png,4T1019,"173,209,213",#add1d5,green.html
4T1021.png,4T1021,"127,176,184",#7fb0b8,green.html
4D1023.png,4D1023,"70,128,137",#468089,green.html
4A1024.png,4A1024,"38,86,94",#26565e,green.html
5P0129.png,5P0129,"211,233,236",#d3e9ec,green.html
4T1027.png,4T1027,"174,211,214",#aed3d6,green.html
4T1029.png,4T1029,"122,179,187",#7ab3bb,green.html
4D1031.png,4D1031,"72,135,143",#48878f,green.html
4A1032.png,4A1032,"29,90,97",#1d5a61,green.html
4P2209.png,4P2209,"221,232,227",#dde8e3,green.html
4P0277.png,4P0277,"182,210,209",#b6d2d1,green.html
4T2212.png,4T2212,"145,177,180",#91b1b4,green.html
4D2214.png,4D2214,"81,121,123",#51797b,green.html
4A2891.png,4A2891,"78,115,116",#4e7374,green.html
2P0601.png,2P0601,"250,226,204",#fae2cc,orange.html
2T0635.png,2T0635,"255,218,188",#ffdabc,orange.html
1T0223.png,1T0223,"254,183,153",#feb799,orange.html
2D2848.png,2D2848,"249,157,126",#f99d7e,orange.html
1A0224.png,1A0224,"230,98,73",#e66249,orange.html
1P0030.png,1P0030,"244,209,194",#f4d1c2,orange.html
1T0555.png,1T0555,"237,191,172",#edbfac,orange.html
1T0557.png,1T0557,"219,156,133",#db9c85,orange.html
1D0559.png,1D0559,"189,114,88",#bd7258,orange.html
1D0542.png,1D0542,"194,115,95",#c2735f,orange.html
1P0221.png,1P0221,"252,238,223",#fceedf,orange.html
1P0562.png,1P0562,"244,209,189",#f4d1bd,orange.html
1T0549.png,1T0549,"221,163,136",#dda388,orange.html
1D0551.png,1D0551,"194,120,86",#c27856,orange.html
1A0552.png,1A0552,"163,90,60",#a35a3c,orange.html
2P0633.png,2P0633,"255,235,219",#ffebdb,orange.html
1P0546.png,1P0546,"242,203,179",#f2cbb3,orange.html
1T0564.png,1T0564,"227,177,150",#e3b196,orange.html
1D0566.png,1D0566,"202,136,102",#ca8866,orange.html
1D0567.png,1D0567,"186,118,85",#ba7655,orange.html
2P0625.png,2P0625,"253,234,215",#fdead7,orange.html
2T0611.png,2T0611,"242,202,175",#f2caaf,orange.html
2T0613.png,2T0613,"223,169,134",#dfa986,orange.html
2D0615.png,2D0615,"192,126,88",#c07e58,orange.html
7A0331.png,7A0331,"167,94,64",#a75e40,orange.html
2P0585.png,2P0585,"251,224,202",#fbe0ca,orange.html
2T0628.png,2T0628,"255,204,167",#ffcca7,orange.html
2T2849.png,2T2849,"255,166,118",#ffa676,orange.html
2A0632.png,2A0632,"219,97,52",#db6134,orange.html
1A0576.png,1A0576,"194,85,57",#c25539,orange.html
2P2026.png,2P2026,"248,234,212",#f8ead4,orange.html
2T0603.png,2T0603,"247,212,178",#f7d4b2,orange.html
2T2022.png,2T2022,"236,171,117",#ecab75,orange.html
7D0330.png,7D0330,"206,122,85",#ce7a55,orange.html
1A0568.png,1A0568,"162,97,72",#a26148,orange.html
2P2036.png,2P2036,"248,233,210",#f8e9d2,orange.html
2T0651.png,2T0651,"255,225,185",#ffe1b9,orange.html
2T0620.png,2T0620,"255,209,164",#ffd1a4,orange.html
2D2034.png,2D2034,"214,114,77",#d6724d,orange.html
2A2035.png,2A2035,"180,107,81",#b46b51,orange.html
2P0642.png,2P0642,"255,232,199",#ffe8c7,orange.html
2P0047.png,2P0047,"244,202,165",#f4caa5,orange.html
2D0606.png,2D0606,"215,151,104",#d79768,orange.html
2D2024.png,2D2024,"198,123,78",#c67b4e,orange.html
2A0616.png,2A0616,"169,99,60",#a9633c,orange.html
2P2031.png,2P2031,"248,229,203",#f8e5cb,orange.html
2T0587.png,2T0587,"245,213,179",#f5d5b3,orange.html
2T0589.png,2T0589,"233,183,137",#e9b789,orange.html
2D2029.png,2D2029,"177,117,81",#b17551,orange.html
7A0340.png,7A0340,"131,83,66",#835342,orange.html
2P2030.png,2P2030,"249,228,199",#f9e4c7,orange.html
2T0643.png,2T0643,"255,222,180",#ffdeb4,orange.html
2T2032.png,2T2032,"255,202,142",#ffca8e,orange.html
2A0608.png,2A0608,"175,107,58",#af6b3a,orange.html
2A2025.png,2A2025,"177,100,54",#b16436,orange.html
2P2044.png,2P2044,"246,236,214",#f6ecd6,orange.html
2T0667.png,2T0667,"255,229,176",#ffe5b0,orange.html
2T0669.png,2T0669,"255,201,124",#ffc97c,orange.html
2D2040.png,2D2040,"255,178,97",#ffb261,orange.html
2A0664.png,2A0664,"218,122,43",#da7a2b,orange.html
2P0593.png,2P0593,"244,230,207",#f4e6cf,orange.html
2T0595.png,2T0595,"241,209,175",#f1d1af,orange.html
2T0597.png,2T0597,"224,179,141",#e0b38d,orange.html
2D0599.png,2D0599,"192,137,90",#c0895a,orange.html
2A0600.png,2A0600,"163,105,60",#a3693c,orange.html
7P1577.png,7P1577,"247,234,208",#f7ead0,orange.html
2T0675.png,2T0675,"245,213,174",#f5d5ae,orange.html
2T0677.png,2T0677,"230,184,135",#e6b887,orange.html
2D2042.png,2D2042,"208,144,87",#d09057,orange.html
2A2043.png,2A2043,"163,104,58",#a3683a,orange.html
2P2041.png,2P2041,"247,235,208",#f7ebd0,orange.html
2T0659.png,2T0659,"255,226,184",#ffe2b8,orange.html
2T0226.png,2T0226,"250,195,136",#fac388,orange.html
2D0679.png,2D0679,"211,151,89",#d39759,orange.html
2A0680.png,2A0680,"184,121,65",#b87941,orange.html
1P2816.png,1P2816,"245,226,233",#f5e2e9,red.html
6P0172.png,6P0172,"243,212,230",#f3d4e6,red.html
1T1970.png,1T1970,"237,191,219",#edbfdb,red.html
1D2819.png,1D2819,"208,108,173",#d06cad,red.html
6A0360.png,6A0360,"128,66,98",#804262,red.html
6P1417.png,6P1417,"249,229,234",#f9e5ea,red.html
6T1435.png,6T1435,"240,198,215",#f0c6d7,red.html
1T2821.png,1T2821,"231,158,201",#e79ec9,red.html
6D0307.png,6D0307,"207,105,161",#cf69a1,red.html
1A0366.png,1A0366,"165,66,99",#a54263,red.html
1P2823.png,1P2823,"243,230,229",#f3e6e5,red.html
6T1419.png,6T1419,"238,197,218",#eec5da,red.html
1T2826.png,1T2826,"216,165,193",#d8a5c1,red.html
1D2827.png,1D2827,"191,127,160",#bf7fa0,red.html
1A0368.png,1A0368,"123,69,100",#7b4564,red.html
1P0004.png,1P0004,"251,235,236",#fbebec,red.html
6P0174.png,6P0174,"245,204,220",#f5ccdc,red.html
1T0452.png,1T0452,"236,173,198",#ecadc6,red.html
1D1963.png,1D1963,"203,128,160",#cb80a0,red.html
6A0359.png,6A0359,"159,65,99",#9f4163,red.html
1P1964.png,1P1964,"244,232,233",#f4e8e9,red.html
6P0173.png,6P0173,"246,210,223",#f6d2df,red.html
1T1966.png,1T1966,"240,181,201",#f0b5c9,red.html
1D1967.png,1D1967,"232,143,175",#e88faf,red.html
1A1968.png,1A1968,"192,105,144",#c06990,red.html
1P0465.png,1P0465,"253,224,230",#fde0e6,red.html
1T0435.png,1T0435,"233,191,202",#e9bfca,red.html
1T0437.png,1T0437,"207,149,173",#cf95ad,red.html
1D0439.png,1D0439,"172,98,122",#ac627a,red.html
1A0440.png,1A0440,"122,54,64",#7a3640,red.html
1P2828.png,1P2828,"245,237,234",#f5edea,red.html
1P0442.png,1P0442,"242,200,207",#f2c8cf,red.html
1T0444.png,1T0444,"220,167,183",#dca7b7,red.html
1D0446.png,1D0446,"191,117,135",#bf7587,red.html
1D0447.png,1D0447,"173,96,114",#ad6072,red.html
1P0457.png,1P0457,"252,227,233",#fce3e9,red.html
1T0459.png,1T0459,"246,195,212",#f6c3d4,red.html
1T0461.png,1T0461,"238,155,183",#ee9bb7,red.html
1D0463.png,1D0463,"219,103,137",#db6789,red.html
1A0316.png,1A0316,"169,60,82",#a93c52,red.html
1P0005.png,1P0005,"251,227,231",#fbe3e7,red.html
1T2829.png,1T2829,"255,210,217",#ffd2d9,red.html
1T1971.png,1T1971,"243,165,185",#f3a5b9,red.html
1D1973.png,1D1973,"223,101,126",#df657e,red.html
1A0362.png,1A0362,"191,60,69",#bf3c45,red.html
1P2831.png,1P2831,"245,208,212",#f5d0d4,red.html
1T0467.png,1T0467,"243,192,202",#f3c0ca,red.html
1T0469.png,1T0469,"227,152,173",#e398ad,red.html
1D0471.png,1D0471,"197,96,116",#c56074,red.html
1A0448.png,1A0448,"134,62,69",#863e45,red.html
1P0313.png,1P0313,"248,231,234",#f8e7ea,red.html
1T0483.png,1T0483,"245,192,200",#f5c0c8,red.html
1T0485.png,1T0485,"231,151,169",#e797a9,red.html
1D0487.png,1D0487,"203,98,114",#cb6272,red.html
1A0472.png,1A0472,"149,49,57",#953139,red.html
1P0006.png,1P0006,"255,227,227",#ffe3e3,red.html
1T2832.png,1T2832,"249,181,192",#f9b5c0,red.html
1T0493.png,1T0493,"247,157,176",#f79db0,red.html
1A0363.png,1A0363,"176,58,70",#b03a46,red.html
1A2794.png,1A2794,"147,50,63",#93323f,red.html
1P2834.png,1P2834,"248,225,224",#f8e1e0,red.html
1P0514.png,1P0514,"254,215,216",#fed7d8,red.html
1T0517.png,1T0517,"248,161,172",#f8a1ac,red.html
1A0496.png,1A0496,"191,59,61",#bf3b3d,red.html
1P0473.png,1P0473,"251,228,225",#fbe4e1,red.html
1T2836.png,1T2836,"252,204,201",#fcccc9,red.html
1T0525.png,1T0525,"246,162,165",#f6a2a5,red.html
1D2838.png,1D2838,"239,116,116",#ef7474,red.html
1A0372.png,1A0372,"196,64,63",#c4403f,red.html
1P1990.png,1P1990,"245,231,227",#f5e7e3,red.html
1T0499.png,1T0499,"250,194,199",#fac2c7,red.html
1T0501.png,1T0501,"242,159,169",#f29fa9,red.html
1D1975.png,1D1975,"210,111,122",#d26f7a,red.html
1A1976.png,1A1976,"155,55,61",#9b373d,red.html
1P0481.png,1P0481,"251,220,219",#fbdcdb,red.html
1T1977.png,1T1977,"246,181,184",#f6b5b8,red.html
1D1974.png,1D1974,"219,136,144",#db8890,red.html
1D1980.png,1D1980,"201,95,99",#c95f63,red.html
1A1981.png,1A1981,"173,68,65",#ad4441,red.html
1P1986.png,1P1986,"250,219,216",#fadbd8,red.html
1T0475.png,1T0475,"235,182,186",#ebb6ba,red.html
1T0477.png,1T0477,"214,139,149",#d68b95,red.html
1D0479.png,1D0479,"181,92,100",#b55c64,red.html
1A0480.png,1A0480,"144,60,59",#903c3b,red.html
1P0010.png,1P0010,"248,231,228",#f8e7e4,red.html
1T1982.png,1T1982,"233,194,196",#e9c2c4,red.html
1T0509.png,1T0509,"214,142,146",#d68e92,red.html
1D0323.png,1D0323,"189,100,105",#bd6469,red.html
1A0374.png,1A0374,"139,69,71",#8b4547,red.html
1P0017.png,1P0017,"249,234,226",#f9eae2,red.html
1P0506.png,1P0506,"242,199,198",#f2c7c6,red.html
1T0508.png,1T0508,"228,164,169",#e4a4a9,red.html
1D0510.png,1D0510,"199,113,116",#c77174,red.html
1D0324.png,1D0324,"167,63,60",#a73f3c,red.html
1P0001.png,1P0001,"250,231,225",#fae7e1,red.html
1P0008.png,1P0008,"245,206,201",#f5cec9,red.html
1T1987.png,1T1987,"230,179,175",#e6b3af,red.html
1D0322.png,1D0322,"218,126,124",#da7e7c,red.html
1D1989.png,1D1989,"205,114,112",#cd7270,red.html
1P2840.png,1P2840,"249,238,231",#f9eee7,red.html
1T1991.png,1T1991,"249,218,210",#f9dad2,red.html
1T2841.png,1T2841,"252,200,191",#fcc8bf,red.html
1D1993.png,1D1993,"217,112,110",#d9706e,red.html
1A1994.png,1A1994,"189,72,73",#bd4849,red.html
1P0025.png,1P0025,"244,231,223",#f4e7df,red.html
1P0529.png,1P0529,"248,218,209",#f8dad1,red.html
1T0532.png,1T0532,"218,149,140",#da958c,red.html
1D0511.png,1D0511,"181,91,88",#b55b58,red.html
1P0019.png,1P0019,"239,223,214",#efdfd6,red.html
1P0031.png,1P0031,"241,202,193",#f1cac1,red.html
1T0531.png,1T0531,"231,173,163",#e7ada3,red.html
1D0534.png,1D0534,"189,107,92",#bd6b5c,red.html
1D0543.png,1D0543,"176,97,78",#b0614e,red.html
1P1996.png,1P1996,"241,220,210",#f1dcd2,red.html
1T2842.png,1T2842,"255,218,203",#ffdacb,red.html
1T2844.png,1T2844,"254,190,173",#febead,red.html
1D2845.png,1D2845,"201,84,74",#c9544a,red.html
1A0504.png,1A0504,"180,71,69",#b44745,red.html
1P1995.png,1P1995,"239,228,217",#efe4d9,red.html
1P0538.png,1P0538,"240,196,182",#f0c4b6,red.html
1T2001.png,1T2001,"223,169,150",#dfa996,red.html
1T0541.png,1T0541,"210,141,126",#d28d7e,red.html
1D1998.png,1D1998,"159,99,91",#9f635b,red.html
1P0553.png,1P0553,"253,226,210",#fde2d2,red.html
1T2010.png,1T2010,"245,188,164",#f5bca4,red.html
8T2518.png,8T2518,"226,159,136",#e29f88,red.html
1D2013.png,1D2013,"199,120,95",#c7785f,red.html
1D2017.png,1D2017,"186,106,80",#ba6a50,red.html
1P2846.png,1P2846,"251,240,230",#fbf0e6,red.html
1T0571.png,1T0571,"253,206,187",#fdcebb,red.html
1T0573.png,1T0573,"250,173,149",#faad95,red.html
1D2008.png,1D2008,"247,146,117",#f79275,red.html
1A2014.png,1A2014,"200,104,84",#c86854,red.html
5A0423.png,5A0423,"109,67,110",#6d436e,voilet.html
6P1233.png,6P1233,"225,228,234",#e1e4ea,voilet.html
6T1203.png,6T1203,"190,202,219",#becadb,voilet.html
6T1205.png,6T1205,"147,164,191",#93a4bf,voilet.html
6D1207.png,6D1207,"92,107,138",#5c6b8a,voilet.html
6A1208.png,6A1208,"59,73,99",#3b4963,voilet.html
6P1257.png,6P1257,"220,223,231",#dcdfe7,voilet.html
6T1195.png,6T1195,"190,200,219",#bec8db,voilet.html
5T2290.png,5T2290,"149,163,190",#95a3be,voilet.html
5D2292.png,5D2292,"111,128,159",#6f809f,voilet.html
5A2293.png,5A2293,"82,110,144",#526e90,voilet.html
6P1218.png,6P1218,"210,217,231",#d2d9e7,voilet.html
6T1228.png,6T1228,"167,184,216",#a7b8d8,voilet.html
6T1197.png,6T1197,"143,162,194",#8fa2c2,voilet.html
6D1199.png,6D1199,"103,122,159",#677a9f,voilet.html
6A1200.png,6A1200,"68,83,113",#445371,voilet.html
5P0145.png,5P0145,"225,230,238",#e1e6ee,voilet.html
6T1227.png,6T1227,"192,204,228",#c0cce4,voilet.html
6T2909.png,6T2909,"151,171,216",#97abd8,voilet.html
6D2301.png,6D2301,"113,134,178",#7186b2,voilet.html
6A2302.png,6A2302,"80,109,159",#506d9f,voilet.html
6P2299.png,6P2299,"205,215,232",#cdd7e8,voilet.html
6T1212.png,6T1212,"169,183,210",#a9b7d2,voilet.html
6D2305.png,6D2305,"123,136,175",#7b88af,voilet.html
5D0302.png,5D0302,"108,120,161",#6c78a1,voilet.html
6A1216.png,6A1216,"70,78,112",#464e70,voilet.html
6P2298.png,6P2298,"223,225,231",#dfe1e7,voilet.html
6T1236.png,6T1236,"177,184,214",#b1b8d6,voilet.html
6T2294.png,6T2294,"153,164,194",#99a4c2,voilet.html
6D2296.png,6D2296,"102,112,145",#667091,voilet.html
6A2297.png,6A2297,"69,77,103",#454d67,voilet.html
5P0147.png,5P0147,"225,226,237",#e1e2ed,voilet.html
6T1251.png,6T1251,"198,203,227",#c6cbe3,voilet.html
6T1252.png,6T1252,"176,184,221",#b0b8dd,voilet.html
6D2911.png,6D2911,"133,145,201",#8591c9,voilet.html
6A2912.png,6A2912,"107,118,182",#6b76b6,voilet.html
6P1241.png,6P1241,"226,228,233",#e2e4e9,voilet.html
6T1235.png,6T1235,"194,206,225",#c2cee1,voilet.html
6T2303.png,6T2303,"163,168,202",#a3a8ca,voilet.html
6D1231.png,6D1231,"103,115,166",#6773a6,voilet.html
5A0303.png,5A0303,"54,56,103",#363867,voilet.html
6P2309.png,6P2309,"225,225,231",#e1e1e7,voilet.html
6T1259.png,6T1259,"203,204,226",#cbcce2,voilet.html
6T1261.png,6T1261,"160,168,206",#a0a8ce,voilet.html
6D2307.png,6D2307,"105,113,154",#69719a,voilet.html
6A2308.png,6A2308,"67,72,106",#43486a,voilet.html
6P1258.png,6P1258,"214,214,228",#d6d6e4,voilet.html
6T1268.png,6T1268,"185,186,211",#b9bad3,voilet.html
6D1246.png,6D1246,"142,145,181",#8e91b5,voilet.html
6D2310.png,6D2310,"114,118,159",#72769f,voilet.html
6D2316.png,6D2316,"109,110,145",#6d6e91,voilet.html
6P1249.png,6P1249,"227,227,236",#e3e3ec,voilet.html
6T2913.png,6T2913,"203,203,228",#cbcbe4,voilet.html
6T2915.png,6T2915,"167,168,214",#a7a8d6,voilet.html
6D2917.png,6D2917,"108,111,175",#6c6faf,voilet.html
5A0304.png,5A0304,"90,83,135",#5a5387,voilet.html
6P1289.png,6P1289,"223,224,231",#dfe0e7,voilet.html
6T1267.png,6T1267,"206,205,222",#cecdde,voilet.html
6T1285.png,6T1285,"169,166,202",#a9a6ca,voilet.html
6D2919.png,6D2919,"129,127,171",#817fab,voilet.html
6A1312.png,6A1312,"79,69,103",#4f4567,voilet.html
6P1265.png,6P1265,"227,224,229",#e3e0e5,voilet.html
6T1291.png,6T1291,"206,201,224",#cec9e0,voilet.html
6T1301.png,6T1301,"171,165,202",#aba5ca,voilet.html
6D2314.png,6D2314,"134,130,163",#8682a3,voilet.html
6D2315.png,6D2315,"113,110,145",#716e91,voilet.html
6P2313.png,6P2313,"212,212,221",#d4d4dd,voilet.html
6T1275.png,6T1275,"201,197,215",#c9c5d7,voilet.html
6D2311.png,6D2311,"159,155,184",#9f9bb8,voilet.html
6D2323.png,6D2323,"122,119,146",#7a7792,voilet.html
6A2324.png,6A2324,"106,102,129",#6a6681,voilet.html
6P2326.png,6P2326,"219,213,230",#dbd5e6,voilet.html
6T1300.png,6T1300,"194,187,215",#c2bbd7,voilet.html
6T1309.png,6T1309,"173,166,199",#ada6c7,voilet.html
6D2318.png,6D2318,"114,106,137",#726a89,voilet.html
6A1280.png,6A1280,"75,69,96",#4b4560,voilet.html
6P1305.png,6P1305,"231,226,233",#e7e2e9,voilet.html
6T2327.png,6T2327,"209,202,227",#d1cae3,voilet.html
6D2329.png,6D2329,"171,159,205",#ab9fcd,voilet.html
6A1296.png,6A1296,"97,91,133",#615b85,voilet.html
6A1288.png,6A1288,"82,77,121",#524d79,voilet.html
6P1273.png,6P1273,"229,224,230",#e5e0e6,voilet.html
6T1307.png,6T1307,"210,201,220",#d2c9dc,voilet.html
6T2321.png,6T2321,"183,175,205",#b7afcd,voilet.html
6D2332.png,6D2332,"130,117,160",#8275a0,voilet.html
6A1304.png,6A1304,"96,83,131",#605383,voilet.html
6P2325.png,6P2325,"229,222,234",#e5deea,voilet.html
6T1323.png,6T1323,"214,202,226",#d6cae2,voilet.html
6T1317.png,6T1317,"175,165,196",#afa5c4,voilet.html
6D2337.png,6D2337,"123,113,156",#7b719c,voilet.html
6A2338.png,6A2338,"108,98,139",#6c628b,voilet.html
6P1298.png,6P1298,"223,214,226",#dfd6e2,voilet.html
6P0160.png,6P0160,"208,196,220",#d0c4dc,voilet.html
6T1324.png,6T1324,"193,179,216",#c1b3d8,voilet.html
6D1310.png,6D1310,"152,137,177",#9889b1,voilet.html
5D0300.png,5D0300,"132,115,170",#8473aa,voilet.html
6P0153.png,6P0153,"232,222,235",#e8deeb,voilet.html
6P0157.png,6P0157,"221,208,233",#ddd0e9,voilet.html
6T2920.png,6T2920,"206,188,223",#cebcdf,voilet.html
6D2333.png,6D2333,"151,131,172",#9783ac,voilet.html
6D2334.png,6D2334,"135,112,156",#87709c,voilet.html
6P1314.png,6P1314,"227,217,227",#e3d9e3,voilet.html
6T2348.png,6T2348,"201,184,205",#c9b8cd,voilet.html
6T2344.png,6T2344,"173,162,184",#ada2b8,voilet.html
6D2345.png,6D2345,"136,124,148",#887c94,voilet.html
6D2346.png,6D2346,"115,103,127",#73677f,voilet.html
6P1297.png,6P1297,"230,222,228",#e6dee4,voilet.html
6T1331.png,6T1331,"219,203,220",#dbcbdc,voilet.html
6T1341.png,6T1341,"183,163,197",#b7a3c5,voilet.html
6D2339.png,6D2339,"143,125,153",#8f7d99,voilet.html
6D2340.png,6D2340,"119,103,129",#776781,voilet.html
6P1338.png,6P1338,"228,214,229",#e4d6e5,voilet.html
6T1347.png,6T1347,"218,199,222",#dac7de,voilet.html
6T1340.png,6T1340,"199,178,206",#c7b2ce,voilet.html
6D2350.png,6D2350,"137,109,145",#896d91,voilet.html
6A2351.png,6A2351,"117,86,127",#75567f,voilet.html
6P2356.png,6P2356,"235,222,233",#ebdee9,voilet.html
6P0167.png,6P0167,"225,198,227",#e1c6e3,voilet.html
6T1373.png,6T1373,"193,153,195",#c199c3,voilet.html
6D2354.png,6D2354,"165,128,183",#a580b7,voilet.html
6D2359.png,6D2359,"151,111,171",#976fab,voilet.html
6P1385.png,6P1385,"232,220,232",#e8dce8,voilet.html
6T2357.png,6T2357,"220,198,225",#dcc6e1,voilet.html
6T1349.png,6T1349,"188,162,201",#bca2c9,voilet.html
6D2358.png,6D2358,"177,142,194",#b18ec2,voilet.html
6A2355.png,6A2355,"136,97,156",#88619c,voilet.html
6P1345.png,6P1345,"233,223,231",#e9dfe7,voilet.html
6T1355.png,6T1355,"217,199,215",#d9c7d7,voilet.html
6T1357.png,6T1357,"186,160,189",#baa0bd,voilet.html
6D2365.png,6D2365,"148,126,153",#947e99,voilet.html
6D2366.png,6D2366,"124,103,130",#7c6782,voilet.html
6P1369.png,6P1369,"234,223,230",#eadfe6,voilet.html
6T1364.png,6T1364,"206,179,202",#ceb3ca,voilet.html
6D2361.png,6D2361,"176,148,176",#b094b0,voilet.html
6D2369.png,6D2369,"139,107,142",#8b6b8e,voilet.html
6A1384.png,6A1384,"106,71,106",#6a476a,voilet.html
6P0161.png,6P0161,"237,220,236",#eddcec,voilet.html
6T1371.png,6T1371,"223,197,220",#dfc5dc,voilet.html
6T1381.png,6T1381,"197,162,194",#c5a2c2,voilet.html
6A2363.png,6A2363,"128,92,128",#805c80,voilet.html
6A2376.png,6A2376,"103,63,104",#673f68,voilet.html
6P0155.png,6P0155,"237,222,235",#eddeeb,voilet.html
6P0168.png,6P0168,"230,198,227",#e6c6e3,voilet.html
6T2373.png,6T2373,"204,163,208",#cca3d0,voilet.html
6D2375.png,6D2375,"174,117,177",#ae75b1,voilet.html
6D2370.png,6D2370,"162,107,159",#a26b9f,voilet.html
6P0163.png,6P0163,"239,218,233",#efdae9,voilet.html
6T1411.png,6T1411,"229,195,222",#e5c3de,voilet.html
6T1388.png,6T1388,"215,176,211",#d7b0d3,voilet.html
6D1391.png,6D1391,"170,108,163",#aa6ca3,voilet.html
6P1386.png,6P1386,"234,209,225",#ead1e1,voilet.html
6T1387.png,6T1387,"230,196,220",#e6c4dc,voilet.html
6T1397.png,6T1397,"203,155,191",#cb9bbf,voilet.html
6D0311.png,6D0311,"159,109,148",#9f6d94,voilet.html
6A2799.png,6A2799,"104,61,102",#683d66,voilet.html
6P0162.png,6P0162,"241,226,235",#f1e2eb,voilet.html
6T1403.png,6T1403,"229,193,217",#e5c1d9,voilet.html
6T1405.png,6T1405,"204,153,192",#cc99c0,voilet.html
6D1406.png,6D1406,"186,126,170",#ba7eaa,voilet.html
6A0356.png,6A0356,"135,76,133",#874c85,voilet.html
6P0170.png,6P0170,"246,226,237",#f6e2ed,voilet.html
6T2377.png,6T2377,"238,208,226",#eed0e2,voilet.html
6T2378.png,6T2378,"235,195,222",#ebc3de,voilet.html
6T1413.png,6T1413,"212,154,198",#d49ac6,voilet.html
6A0308.png,6A0308,"132,63,93",#843f5d,voilet.html
6P0169.png,6P0169,"248,238,238",#f8eeee,voilet.html
6P2371.png,6P2371,"241,222,231",#f1dee7,voilet.html
6T1395.png,6T1395,"231,197,216",#e7c5d8,voilet.html
6T1421.png,6T1421,"213,153,192",#d599c0,voilet.html
1A0367.png,1A0367,"136,68,98",#884462,voilet.html
1P0002.png,1P0002,"241,234,237",#f1eaed,voilet.html
6P1378.png,6P1378,"235,215,225",#ebd7e1,voilet.html
6T2381.png,6T2381,"203,174,193",#cbaec1,voilet.html
6D2383.png,6D2383,"166,125,149",#a67d95,voilet.html
6A1432.png,6A1432,"112,64,89",#704059,voilet.html
3P1843.png,3P1843,"240,239,231",#f0efe7,whispering_white.html
3P1845.png,3P1845,"239,240,236",#eff0ec,whispering_white.html
2P1847.png,2P1847,"242,238,229",#f2eee5,whispering_white.html
7P1545.png,7P1545,"238,234,219",#eeeadb,whispering_white.html
7P2412.png,7P2412,"239,234,217",#efead9,whispering_white.html
4P1849.png,4P1849,"248,246,235",#f8f6eb,whispering_white.html
3P1851.png,3P1851,"244,239,226",#f4efe2,whispering_white.html
3P1853.png,3P1853,"241,237,227",#f1ede3,whispering_white.html
3P1855.png,3P1855,"241,235,219",#f1ebdb,whispering_white.html
2P1856.png,2P1856,"238,226,208",#eee2d0,whispering_white.html
2P1857.png,2P1857,"244,241,231",#f4f1e7,whispering_white.html
3P1859.png,3P1859,"246,244,231",#f6f4e7,whispering_white.html
3P1861.png,3P1861,"244,240,227",#f4f0e3,whispering_white.html
3P1863.png,3P1863,"244,234,216",#f4ead8,whispering_white.html
2P0034.png,2P0034,"245,238,222",#f5eede,whispering_white.html
3P0237.png,3P0237,"250,244,221",#faf4dd,whispering_white.html
3P0737.png,3P0737,"250,242,221",#faf2dd,whispering_white.html
7P1561.png,7P1561,"249,239,217",#f9efd9,whispering_white.html
7P2425.png,7P2425,"243,233,213",#f3e9d5,whispering_white.html
3P0058.png,3P0058,"252,238,211",#fceed3,whispering_white.html
3P1864.png,3P1864,"241,237,220",#f1eddc,whispering_white.html
3P1866.png,3P1866,"244,238,214",#f4eed6,whispering_white.html
2P1868.png,2P1868,"245,237,216",#f5edd8,whispering_white.html
3P1870.png,3P1870,"242,234,205",#f2eacd,whispering_white.html
3P1871.png,3P1871,"241,230,202",#f1e6ca,whispering_white.html
3P1872.png,3P1872,"246,243,222",#f6f3de,whispering_white.html
3P0077.png,3P0077,"250,248,218",#faf8da,whispering_white.html
3P0067.png,3P0067,"252,247,225",#fcf7e1,whispering_white.html
2P1874.png,2P1874,"243,236,200",#f3ecc8,whispering_white.html
3P1875.png,3P1875,"235,231,197",#ebe7c5,whispering_white.html
7P2408.png,7P2408,"238,236,213",#eeecd5,whispering_white.html
7P1505.png,7P1505,"231,234,215",#e7ead7,whispering_white.html
3P0084.png,3P0084,"244,248,237",#f4f8ed,whispering_white.html
3P0074.png,3P0074,"251,247,231",#fbf7e7,whispering_white.html
3P0075.png,3P0075,"232,230,216",#e8e6d8,whispering_white.html
4P1876.png,4P1876,"239,240,225",#eff0e1,whispering_white.html
4P1878.png,4P1878,"232,238,222",#e8eede,whispering_white.html
4P0090.png,4P0090,"235,248,232",#ebf8e8,whispering_white.html
4P0265.png,4P0265,"230,245,220",#e6f5dc,whispering_white.html
4P1881.png,4P1881,"229,237,207",#e5edcf,whispering_white.html
4P1841.png,4P1841,"236,238,228",#eceee4,whispering_white.html
4P1884.png,4P1884,"229,236,232",#e5ece8,whispering_white.html
8P0209.png,8P0209,"229,234,232",#e5eae8,whispering_white.html
4P1887.png,4P1887,"229,234,227",#e5eae3,whispering_white.html
4P0099.png,4P0099,"221,230,223",#dde6df,whispering_white.html
6P1888.png,6P1888,"234,234,233",#eaeae9,whispering_white.html
6P1890.png,6P1890,"232,232,235",#e8e8eb,whispering_white.html
5P2288.png,5P2288,"221,223,226",#dddfe2,whispering_white.html
6P1892.png,6P1892,"226,231,237",#e2e7ed,whispering_white.html
5P1893.png,5P1893,"227,232,233",#e3e8e9,whispering_white.html
6P1896.png,6P1896,"233,231,229",#e9e7e5,whispering_white.html
6P1898.png,6P1898,"236,232,233",#ece8e9,whispering_white.html
5P0146.png,5P0146,"232,232,236",#e8e8ec,whispering_white.html
6P1900.png,6P1900,"235,228,229",#ebe4e5,whispering_white.html
1P1901.png,1P1901,"235,229,228",#ebe5e4,whispering_white.html
2P1902.png,2P1902,"242,239,232",#f2efe8,whispering_white.html
1P1904.png,1P1904,"240,232,228",#f0e8e4,whispering_white.html
1P1906.png,1P1906,"235,229,224",#ebe5e0,whispering_white.html
2P1908.png,2P1908,"233,224,221",#e9e0dd,whispering_white.html
8P0201.png,8P0201,"244,238,240",#f4eef0,whispering_white.html
1P1909.png,1P1909,"244,243,239",#f4f3ef,whispering_white.html
1P1911.png,1P1911,"243,236,231",#f3ece7,whispering_white.html
1P1913.png,1P1913,"242,232,227",#f2e8e3,whispering_white.html
1P1915.png,1P1915,"239,232,225",#efe8e1,whispering_white.html
1P1916.png,1P1916,"239,230,224",#efe6e0,whispering_white.html
1P1917.png,1P1917,"248,243,234",#f8f3ea,whispering_white.html
1P1919.png,1P1919,"245,237,228",#f5ede4,whispering_white.html
1P1921.png,1P1921,"242,229,220",#f2e5dc,whispering_white.html
1P1923.png,1P1923,"240,233,221",#f0e9dd,whispering_white.html
1P1924.png,1P1924,"230,219,212",#e6dbd4,whispering_white.html
7P1955.png,7P1955,"236,232,225",#ece8e1,whispering_white.html
7P2499.png,7P2499,"241,234,226",#f1eae2,whispering_white.html
7P2464.png,7P2464,"244,235,222",#f4ebde,whispering_white.html
8P2730.png,8P2730,"239,231,218",#efe7da,whispering_white.html
8P1957.png,8P1957,"233,228,221",#e9e4dd,whispering_white.html
7P1925.png,7P1925,"245,234,222",#f5eade,whispering_white.html
2P1927.png,2P1927,"247,235,219",#f7ebdb,whispering_white.html
1P1929.png,1P1929,"241,231,220",#f1e7dc,whispering_white.html
1P1931.png,1P1931,"232,220,208",#e8dcd0,whispering_white.html
8P1713.png,8P1713,"234,226,217",#eae2d9,whispering_white.html
2P1932.png,2P1932,"248,246,236",#f8f6ec,whispering_white.html
3P1934.png,3P1934,"243,237,224",#f3ede0,whispering_white.html
3P1936.png,3P1936,"249,243,226",#f9f3e2,whispering_white.html
1P1938.png,1P1938,"242,233,217",#f2e9d9,whispering_white.html
1P1939.png,1P1939,"244,234,220",#f4eadc,whispering_white.html
7P0185.png,7P0185,"239,236,228",#efece4,whispering_white.html
7P1941.png,7P1941,"237,232,220",#ede8dc,whispering_white.html
7P1944.png,7P1944,"232,229,218",#e8e5da,whispering_white.html
7P1954.png,7P1954,"228,222,210",#e4ded2,whispering_white.html
7P1946.png,7P1946,"232,228,220",#e8e4dc,whispering_white.html
7P1947.png,7P1947,"238,234,222",#eeeade,whispering_white.html
7P1949.png,7P1949,"233,231,220",#e9e7dc,whispering_white.html
7P1951.png,7P1951,"222,215,202",#ded7ca,whispering_white.html
7P1953.png,7P1953,"234,229,217",#eae5d9,whispering_white.html
8P2721.png,8P2721,"240,232,219",#f0e8db,whispering_white.html
8P2735.png,8P2735,"240,234,221",#f0eadd,whispering_white.html
8P0194.png,8P0194,"232,229,220",#e8e5dc,whispering_white.html
8P0195.png,8P0195,"232,231,228",#e8e7e4,whispering_white.html
8P1960.png,8P1960,"227,226,221",#e3e2dd,whispering_white.html
8P1961.png,8P1961,"222,219,212",#dedbd4,whispering_white.html
3P0057.png,3P0057,"252,242,220",#fcf2dc,yellow.html
2T0683.png,2T0683,"255,231,184",#ffe7b8,yellow.html
2T0685.png,2T0685,"255,205,131",#ffcd83,yellow.html
2D2050.png,2D2050,"237,182,109",#edb66d,yellow.html
2D2051.png,2D2051,"216,143,50",#d88f32,yellow.html
2P2055.png,2P2055,"252,240,209",#fcf0d1,yellow.html
2T2046.png,2T2046,"251,224,161",#fbe0a1,yellow.html
2T2047.png,2T2047,"253,214,138",#fdd68a,yellow.html
2D0687.png,2D0687,"243,168,75",#f3a84b,yellow.html
2A2049.png,2A2049,"191,124,41",#bf7c29,yellow.html
2P2067.png,2P2067,"246,234,210",#f6ead2,yellow.html
2T0715.png,2T0715,"249,223,181",#f9dfb5,yellow.html
2T2063.png,2T2063,"224,177,114",#e0b172,yellow.html
2D2065.png,2D2065,"180,131,78",#b4834e,yellow.html
2A2066.png,2A2066,"147,98,50",#936232,yellow.html
2P2059.png,2P2059,"246,236,212",#f6ecd4,yellow.html
2P0698.png,2P0698,"245,223,191",#f5dfbf,yellow.html
2T0701.png,2T0701,"229,192,139",#e5c08b,yellow.html
2D0703.png,2D0703,"207,157,91",#cf9d5b,yellow.html
3P0050.png,3P0050,"255,240,217",#fff0d9,yellow.html
3P0055.png,3P0055,"249,222,173",#f9dead,yellow.html
2T0717.png,2T0717,"237,197,138",#edc58a,yellow.html
2D0719.png,2D0719,"218,166,88",#daa658,yellow.html
2A0720.png,2A0720,"192,138,62",#c08a3e,yellow.html
3P2082.png,3P2082,"247,233,195",#f7e9c3,yellow.html
3T0731.png,3T0731,"249,231,182",#f9e7b6,yellow.html
3T0732.png,3T0732,"249,224,163",#f9e0a3,yellow.html
2D2057.png,2D2057,"236,189,110",#ecbd6e,yellow.html
2A2791.png,2A2791,"156,116,50",#9c7432,yellow.html
2P2052.png,2P2052,"248,242,212",#f8f2d4,yellow.html
3T0763.png,3T0763,"254,239,187",#feefbb,yellow.html
2T0692.png,2T0692,"255,220,143",#ffdc8f,yellow.html
3D0236.png,3D0236,"242,170,71",#f2aa47,yellow.html
2A0712.png,2A0712,"215,141,33",#d78d21,yellow.html
3P0818.png,3P0818,"250,244,205",#faf4cd,yellow.html
3T0764.png,3T0764,"255,233,165",#ffe9a5,yellow.html
3T2852.png,3T2852,"247,212,116",#f7d474,yellow.html
3D2853.png,3D2853,"248,204,83",#f8cc53,yellow.html
3A0768.png,3A0768,"239,167,2",#efa702,yellow.html
3P0079.png,3P0079,"250,249,212",#faf9d4,yellow.html
3T0755.png,3T0755,"255,239,176",#ffefb0,yellow.html
3T0773.png,3T0773,"255,233,146",#ffe992,yellow.html
3D0240.png,3D0240,"255,199,64",#ffc740,yellow.html
3A0385.png,3A0385,"255,200,0",#ffc800,yellow.html
3P0721.png,3P0721,"250,245,217",#faf5d9,yellow.html
3T2855.png,3T2855,"255,238,191",#ffeebf,yellow.html
3T0797.png,3T0797,"248,228,137",#f8e489,yellow.html
3D0759.png,3D0759,"255,208,66",#ffd042,yellow.html
4A0395.png,4A0395,"255,212,0",#ffd400,yellow.html
3P0753.png,3P0753,"250,246,219",#faf6db,yellow.html
3T0788.png,3T0788,"255,238,162",#ffeea2,yellow.html
3T2857.png,3T2857,"255,236,131",#ffec83,yellow.html
3D2858.png,3D2858,"255,211,24",#ffd318,yellow.html
3A0386.png,3A0386,"247,185,34",#f7b922,yellow.html
3P0051.png,3P0051,"255,238,204",#ffeecc,yellow.html
3T0740.png,3T0740,"244,218,162",#f4daa2,yellow.html
3T0733.png,3T0733,"246,211,141",#f6d38d,yellow.html
3A0244.png,3A0244,"224,173,79",#e0ad4f,yellow.html
3A0744.png,3A0744,"191,144,55",#bf9037,yellow.html
2P2045.png,2P2045,"248,235,202",#f8ebca,yellow.html
3T2085.png,3T2085,"244,217,150",#f4d996,yellow.html
3D0782.png,3D0782,"236,199,107",#ecc76b,yellow.html
2D2058.png,2D2058,"228,176,82",#e4b052,yellow.html
3A0736.png,3A0736,"200,148,51",#c89433,yellow.html
3P0730.png,3P0730,"252,240,207",#fcf0cf,yellow.html
3T2075.png,3T2075,"243,221,143",#f3dd8f,yellow.html
3D2077.png,3D2077,"230,204,91",#e6cc5b,yellow.html
3A2080.png,3A2080,"223,178,54",#dfb236,yellow.html
3A0784.png,3A0784,"196,148,35",#c49423,yellow.html
3P0770.png,3P0770,"252,244,201",#fcf4c9,yellow.html
3P0053.png,3P0053,"255,234,186",#ffeaba,yellow.html
3T2086.png,3T2086,"233,210,142",#e9d28e,yellow.html
3D2073.png,3D2073,"190,153,89",#be9959,yellow.html
3A2074.png,3A2074,"168,130,79",#a8824f,yellow.html
3P0777.png,3P0777,"247,240,209",#f7f0d1,yellow.html
3T2070.png,3T2070,"239,221,173",#efddad,yellow.html
3T2072.png,3T2072,"231,209,155",#e7d19b,yellow.html
3D2093.png,3D2093,"195,163,97",#c3a361,yellow.html
3A2094.png,3A2094,"186,152,85",#ba9855,yellow.html
3P0249.png,3P0249,"249,243,206",#f9f3ce,yellow.html
3P2096.png,3P2096,"240,229,182",#f0e5b6,yellow.html
3T2091.png,3T2091,"231,207,140",#e7cf8c,yellow.html
3D2088.png,3D2088,"214,186,105",#d6ba69,yellow.html
3A2859.png,3A2859,"186,152,57",#ba9839,yellow.html
3P2081.png,3P2081,"245,237,202",#f5edca,yellow.html
3T0820.png,3T0820,"239,228,165",#efe4a5,yellow.html
3D0822.png,3D0822,"220,201,110",#dcc96e,yellow.html
3D2860.png,3D2860,"203,168,78",#cba84e,yellow.html
3A0824.png,3A0824,"168,151,63",#a8973f,yellow.html
